Rank,Name,Console,Publisher,Total_shipped,NA_Sales,PAL_Sales,JP_Sales,Other_Sales,Release_Date,Last_Date
1,Pokemon,Series,Nintendo,362.06m,N/A,N/A,N/A,N/A,N/A,28th Sep 98
2,Super Mario,Series,Nintendo,354.51m,N/A,N/A,N/A,N/A,N/A,20th Jul 83
3,Call of Duty,Series,Activision,300.00m,N/A,N/A,N/A,N/A,N/A,29th Oct 03
4,Grand Theft Auto,Series,ASC Games,300.00m,N/A,N/A,N/A,N/A,N/A,27th Mar 98
5,FIFA,Series,EA Sports,282.40m,N/A,N/A,N/A,N/A,N/A,15th Dec 93
6,The Sims,Series,Electronic Arts,200.00m,N/A,N/A,N/A,N/A,N/A,04th Feb 00
7,Minecraft,Series,Mojang,180.00m,N/A,N/A,N/A,N/A,N/A,18th Nov 11
8,Tetris,Series,Unknown,171.00m,N/A,N/A,N/A,N/A,N/A,06th Jun 84
9,Final Fantasy,Series,Square,152.50m,N/A,N/A,N/A,N/A,N/A,18th Dec 87
10,Need for Speed,Series,Electronic Arts,150.00m,N/A,N/A,N/A,N/A,N/A,31st Aug 94
11,Mario Kart,Series,Nintendo,142.34m,N/A,N/A,N/A,N/A,N/A,01st Sep 92
12,Assassin's Creed,Series,Ubisoft,140.00m,N/A,N/A,N/A,N/A,N/A,13th Nov 07
13,Madden NFL,Series,Electronic Arts,130.00m,N/A,N/A,N/A,N/A,N/A,01st Jun 88
14,Wii Sports,Series,Nintendo,115.99m,N/A,N/A,N/A,N/A,N/A,19th Nov 06
15,Pro Evolution Soccer,Series,Konami,106.80m,N/A,N/A,N/A,N/A,N/A,22nd Dec 95
16,The Legend of Zelda,Series,Nintendo,105.81m,N/A,N/A,N/A,N/A,N/A,14th Jul 87
17,Lego,Series,Mindscape,104.30m,N/A,N/A,N/A,N/A,N/A,26th Sep 97
18,Resident Evil,Series,Capcom,97.70m,N/A,N/A,N/A,N/A,N/A,30th Mar 96
19,NBA 2K,Series,Sega,90.00m,N/A,N/A,N/A,N/A,N/A,10th Nov 99
20,Wii Sports,Wii,Nintendo,82.88m,N/A,N/A,N/A,N/A,N/A,19th Nov 06
21,Gran Turismo,Series,Sony Computer Entertainment,80.40m,N/A,N/A,N/A,N/A,N/A,12th May 98
22,Dragon Quest,Series,Square,80.00m,N/A,N/A,N/A,N/A,N/A,27th May 86
23,Battlefield,Series,Electronic Arts,78.90m,N/A,N/A,N/A,N/A,N/A,10th Sep 02
24,Sonic the Hedgehog,Series,Sega,76.64m,N/A,N/A,N/A,N/A,N/A,23rd Jun 91
25,Tomb Raider,Series,Eidos Interactive,75.00m,N/A,N/A,N/A,N/A,N/A,14th Nov 96
26,Halo,Series,Microsoft Game Studios,71.00m,N/A,N/A,N/A,N/A,N/A,15th Nov 01
27,Just Dance,Series,Ubisoft,70.00m,N/A,N/A,N/A,N/A,N/A,17th Nov 09
28,WWE 2K,Series,THQ,70.00m,N/A,N/A,N/A,N/A,N/A,02nd Mar 00
29,Counter-Strike,Series,Valve,65.00m,N/A,N/A,N/A,N/A,N/A,09th Nov 00
30,The Oregon Trail,Series,MECC,65.00m,N/A,N/A,N/A,N/A,N/A,03rd Dec 71
31,Donkey Kong,Series,Nintendo,62.55m,N/A,N/A,N/A,N/A,N/A,31st Jul 81
32,Monster Hunter,Series,Capcom,60.00m,N/A,N/A,N/A,N/A,N/A,21st Sep 04
33,PUBG,Series,PUBG Corporation,60.00m,N/A,N/A,N/A,N/A,N/A,20th Dec 17
34,Super Smash Bros.,Series,Nintendo,58.88m,N/A,N/A,N/A,N/A,N/A,26th Apr 99
35,The Elder Scrolls,Series,Bethesda Softworks,58.62m,N/A,N/A,N/A,N/A,N/A,25th Mar 94
36,Borderlands,Series,2K Games,56.00m,N/A,N/A,N/A,N/A,N/A,20th Oct 09
37,Dragon Ball,Series,Bandai,56.00m,N/A,N/A,N/A,N/A,N/A,27th Sep 86
38,Metal Gear,Series,Konami,55.00m,N/A,N/A,N/A,N/A,N/A,13th Jul 87
39,Far Cry,Series,Ubisoft,52.50m,N/A,N/A,N/A,N/A,N/A,23rd Mar 04
40,Mario Party,Series,Nintendo,50.94m,N/A,N/A,N/A,N/A,N/A,01st Feb 99
41,Bejeweled,Series,PopCap Games,50.00m,N/A,N/A,N/A,N/A,N/A,30th May 01
42,Crash Bandicoot,Series,Sony Computer Entertainment,50.00m,N/A,N/A,N/A,N/A,N/A,09th Sep 96
43,Diablo,Series,Blizzard Entertainment,50.00m,N/A,N/A,N/A,N/A,N/A,03rd Jan 97
44,Tekken,Series,Namco,49.00m,N/A,N/A,N/A,N/A,N/A,11th Dec 94
45,Fallout,Series,Interplay Productions,46.43m,N/A,N/A,N/A,N/A,N/A,10th Oct 97
46,Mortal Kombat,Series,Midway,46.00m,N/A,N/A,N/A,N/A,N/A,08th Oct 92
47,Red Dead,Series,Rockstar Games,46.00m,N/A,N/A,N/A,N/A,N/A,04th May 04
48,Uncharted,Series,Sony Computer Entertainment,44.25m,N/A,N/A,N/A,N/A,N/A,20th Nov 07
49,Civilization,Series,Microprose,44.00m,N/A,N/A,N/A,N/A,N/A,01st Sep 91
50,Street Fighter,Series,Capcom,44.00m,N/A,N/A,N/A,N/A,N/A,30th Aug 87
51,Wii Fit,Series,Nintendo,43.80m,N/A,N/A,N/A,N/A,N/A,21st May 08
52,Star Wars: Battlefront,Series,LucasArts,43.00m,N/A,N/A,N/A,N/A,N/A,21st Sep 04
53,Harry Potter,Series,Electronic Arts,42.70m,N/A,N/A,N/A,N/A,N/A,15th Nov 01
54,Warriors,Series,Unknown,42.06m,N/A,N/A,N/A,N/A,N/A,N/A
55,Super Mario Bros.,NES,Nintendo,40.24m,N/A,N/A,N/A,N/A,N/A,18th Oct 85
56,Counter-Strike: Global Offensive,PC,Valve,40.00m,N/A,N/A,N/A,N/A,N/A,21st Aug 12
57,Guitar Hero,Series,Activision,40.00m,N/A,N/A,N/A,N/A,N/A,08th Nov 05
58,The Witcher,Series,Atari,40.00m,N/A,N/A,N/A,N/A,N/A,30th Oct 07
59,Kirby,Series,Nintendo,39.69m,N/A,N/A,N/A,N/A,N/A,01st Aug 92
60,Medal of Honor,Series,Electronic Arts,39.00m,N/A,N/A,N/A,N/A,N/A,31st Oct 99
61,Animal Crossing,Series,Nintendo,37.83m,N/A,N/A,N/A,N/A,N/A,16th Sep 02
62,Mario Kart Wii,Wii,Nintendo,37.24m,N/A,N/A,N/A,N/A,N/A,27th Apr 08
63,World of WarCraft,Series,Unknown,36.90m,N/A,N/A,N/A,N/A,N/A,N/A
64,PLAYERUNKNOWN'S BATTLEGROUNDS,PC,PUBG Corporation,36.60m,N/A,N/A,N/A,N/A,N/A,21st Dec 17
65,God of War,Series,Sony Computer Entertainment,35.05m,N/A,N/A,N/A,N/A,N/A,22nd Mar 05
66,Mega Man,Series,Capcom,35.00m,N/A,N/A,N/A,N/A,N/A,17th Dec 87
67,NBA Live,Series,EA Sports,35.00m,N/A,N/A,N/A,N/A,N/A,01st Oct 94
68,Brain Age,Series,Nintendo,33.89m,N/A,N/A,N/A,N/A,N/A,16th Apr 06
69,Minecraft,PC,Mojang,33.15m,N/A,N/A,N/A,N/A,N/A,10th May 10
70,Wii Sports Resort,Wii,Nintendo,33.11m,N/A,N/A,N/A,N/A,N/A,26th Jul 09
71,Half-life,Series,Sierra Studios,33.10m,N/A,N/A,N/A,N/A,N/A,19th Nov 98
72,Lego Star Wars,Series,Eidos Interactive,33.00m,N/A,N/A,N/A,N/A,N/A,29th Mar 05
73,Pokémon Red / Green / Blue Version,GB,Nintendo,31.38m,N/A,N/A,N/A,N/A,N/A,30th Sep 98
74,Tom Clancy's Splinter Cell,Series,Ubisoft,31.00m,N/A,N/A,N/A,N/A,N/A,17th Nov 02
75,Age of Empires,Series,Microsoft,30.82m,N/A,N/A,N/A,N/A,N/A,15th Oct 97
76,New Super Mario Bros.,DS,Nintendo,30.80m,N/A,N/A,N/A,N/A,N/A,15th May 06
77,New Super Mario Bros. Wii,Wii,Nintendo,30.28m,N/A,N/A,N/A,N/A,N/A,15th Nov 09
78,Tetris,GB,Nintendo,30.26m,N/A,N/A,N/A,N/A,N/A,01st Jun 89
79,Tony Hawk's,Series,Activision,30.12m,N/A,N/A,N/A,N/A,N/A,29th Sep 99
80,Command & Conquer,Series,Electronic Arts,30.00m,N/A,N/A,N/A,N/A,N/A,26th Sep 95
81,James Bond,Series,Unknown,30.00m,N/A,N/A,N/A,N/A,N/A,N/A
82,Kingdom Hearts,Series,Square,30.00m,N/A,N/A,N/A,N/A,N/A,17th Sep 02
83,Terraria,Series,505 Games,30.00m,N/A,N/A,N/A,N/A,N/A,16th May 11
84,Wii Play,Series,Nintendo,29.66m,N/A,N/A,N/A,N/A,N/A,12th Feb 07
85,Tom Clancy's Ghost Recon,Series,Ubisoft,29.00m,N/A,N/A,N/A,N/A,N/A,13th Nov 01
86,Nintendogs,Series,Nintendo,28.55m,N/A,N/A,N/A,N/A,N/A,22nd Aug 05
87,Duck Hunt,NES,Nintendo,28.31m,N/A,N/A,N/A,N/A,N/A,15th Oct 85
88,Wii Play,Wii,Nintendo,28.02m,N/A,N/A,N/A,N/A,N/A,12th Feb 07
89,Total War,Series,Electronic Arts,27.60m,N/A,N/A,N/A,N/A,N/A,13th Jun 00
90,Portal,Series,Valve,27.03m,N/A,N/A,N/A,N/A,N/A,10th Oct 07
91,Ratchet & Clank,Series,Sony Computer Entertainment,26.00m,N/A,N/A,N/A,N/A,N/A,04th Nov 02
92,Rayman,Series,Ubisoft,26.00m,N/A,N/A,N/A,N/A,N/A,19th Sep 95
93,Souls,Series,Atlus,26.00m,N/A,N/A,N/A,N/A,N/A,06th Oct 09
94,Tom Clancy's Rainbow Six,Series,Red Storm Entertainment,26.00m,N/A,N/A,N/A,N/A,N/A,21st Aug 98
95,Mario & Sonic at the Olympic Games,Series,Sega,25.67m,N/A,N/A,N/A,N/A,N/A,06th Nov 07
96,Yoshi,Series,Nintendo,25.35m,N/A,N/A,N/A,N/A,N/A,01st Jun 92
97,BioShock,Series,2K Games,25.00m,N/A,N/A,N/A,N/A,N/A,21st Aug 07
98,Puyo Puyo,Series,THQ,25.00m,N/A,N/A,N/A,N/A,N/A,11th Feb 02
99,Tiger Woods PGA Tour,Series,EA Sports,25.00m,N/A,N/A,N/A,N/A,N/A,31st Aug 98
100,Kinect Adventures!,X360,Microsoft Game Studios,24.00m,N/A,N/A,N/A,N/A,N/A,04th Nov 10
101,Petz,Series,Unknown,24.00m,N/A,N/A,N/A,N/A,N/A,N/A
102,Nintendogs,DS,Nintendo,23.96m,N/A,N/A,N/A,N/A,N/A,23rd Aug 05
103,Mario Kart DS,DS,Nintendo,23.60m,N/A,N/A,N/A,N/A,N/A,14th Nov 05
104,Pokémon Gold / Silver Version,GB,Nintendo,23.10m,N/A,N/A,N/A,N/A,N/A,14th Oct 00
105,Gears of War,Series,Microsoft Game Studios,23.00m,N/A,N/A,N/A,N/A,N/A,07th Nov 06
106,Mario Kart 8 Deluxe,NS,Nintendo,22.96m,N/A,N/A,N/A,N/A,N/A,28th Apr 17
107,Wii Fit,Wii,Nintendo,22.67m,N/A,N/A,N/A,N/A,N/A,21st May 08
108,Jikkyo Powerful Pro Yakyu,Series,Konami,22.60m,N/A,N/A,N/A,N/A,N/A,11th Mar 94
109,Castlevania,Series,Konami,21.63m,N/A,N/A,N/A,N/A,N/A,26th Sep 86
110,Spider-Man,Series,Unknown,21.20m,N/A,N/A,N/A,N/A,N/A,N/A
111,Wii Fit Plus,Wii,Nintendo,21.13m,N/A,N/A,N/A,N/A,N/A,04th Oct 09
112,Devil May Cry,Series,Capcom,21.00m,N/A,N/A,N/A,N/A,N/A,16th Oct 01
113,Imagine,Series,Ubisoft,21.00m,N/A,N/A,N/A,N/A,N/A,01st Oct 07
114,Super Mario World,SNES,Nintendo,20.61m,N/A,N/A,N/A,N/A,N/A,13th Aug 91
115,Grand Theft Auto V,PS3,Rockstar Games,N/A,20.32m,6.37m,9.85m,0.99m,3.12m,17th Sep 13
116,Football Manager,Series,Sega,20.00m,N/A,N/A,N/A,N/A,N/A,05th Nov 04
117,Frogger,Series,Konami,20.00m,N/A,N/A,N/A,N/A,N/A,23rd Oct 81
118,Gundam,Series,Unknown,20.00m,N/A,N/A,N/A,N/A,N/A,N/A
119,Lemmings,Series,Psygnosis,20.00m,N/A,N/A,N/A,N/A,N/A,14th Feb 91
120,Naruto: Ultimate Ninja,Series,Bandai Namco Entertainment,20.00m,N/A,N/A,N/A,N/A,N/A,26th Jun 06
121,Prince of Persia,Series,Broderbund,20.00m,N/A,N/A,N/A,N/A,N/A,03rd Aug 89
122,Rayman Raving Rabbids,Series,Ubisoft,20.00m,N/A,N/A,N/A,N/A,N/A,19th Nov 06
123,SimCity,Series,Maxis,20.00m,N/A,N/A,N/A,N/A,N/A,02nd Feb 89
124,SingStar,Series,Unknown,20.00m,N/A,N/A,N/A,N/A,N/A,N/A
125,SpongeBob SquarePants,Series,THQ,20.00m,N/A,N/A,N/A,N/A,N/A,15th Mar 01
126,Spyro,Series,Sony Computer Entertainment,20.00m,N/A,N/A,N/A,N/A,N/A,10th Sep 98
127,Tales of,Series,Namco,20.00m,N/A,N/A,N/A,N/A,N/A,30th Sep 98
128,The Last of Us,Series,Sony Computer Entertainment,20.00m,N/A,N/A,N/A,N/A,N/A,14th Jun 13
129,Grand Theft Auto V,PS4,Rockstar Games,N/A,19.39m,6.06m,9.71m,0.60m,3.02m,18th Nov 14
130,Teenage Mutant Ninja Turtles,Series,Konami,19.10m,N/A,N/A,N/A,N/A,N/A,12th May 89
131,Brain Age: Train Your Brain in Minutes a Day,DS,Nintendo,19.01m,N/A,N/A,N/A,N/A,N/A,17th Apr 06
132,Driver,Series,GT Interactive,19.00m,N/A,N/A,N/A,N/A,N/A,30th Jun 99
133,WarCraft,Series,Unknown,19.00m,N/A,N/A,N/A,N/A,N/A,N/A
134,Mario Kart 7,3DS,Nintendo,18.68m,N/A,N/A,N/A,N/A,N/A,04th Dec 11
135,Midnight Club,Series,Rockstar Games,18.50m,N/A,N/A,N/A,N/A,N/A,26th Oct 00
136,Batman: Arkham,Series,Warner Bros. Interactive Entertainment,18.31m,N/A,N/A,N/A,N/A,N/A,25th Aug 09
137,Super Mario Land,GB,Nintendo,18.14m,N/A,N/A,N/A,N/A,N/A,01st Aug 89
138,Super Smash Bros. Ultimate,NS,Nintendo,17.68m,N/A,N/A,N/A,N/A,N/A,07th Dec 18
139,Pokémon Diamond / Pearl Version,DS,Nintendo,17.67m,N/A,N/A,N/A,N/A,N/A,28th Apr 07
140,StarCraft,Series,Blizzard Entertainment,17.60m,N/A,N/A,N/A,N/A,N/A,31st Mar 98
141,Metroid,Series,Nintendo,17.44m,N/A,N/A,N/A,N/A,N/A,15th Aug 87
142,Grand Theft Auto: San Andreas,PS2,Rockstar Games,17.30m,N/A,N/A,N/A,N/A,N/A,26th Oct 04
143,Super Mario Bros. 3,NES,Nintendo,17.28m,N/A,N/A,N/A,N/A,N/A,12th Feb 90
144,RollerCoaster Tycoon,Series,Hasbro Interactive,17.23m,N/A,N/A,N/A,N/A,N/A,22nd Mar 99
145,Mass Effect,Series,Microsoft Game Studios,17.00m,N/A,N/A,N/A,N/A,N/A,20th Nov 07
146,Professor Layton,Series,Nintendo,17.00m,N/A,N/A,N/A,N/A,N/A,10th Feb 08
147,Zuma,Series,PopCap Games,17.00m,N/A,N/A,N/A,N/A,N/A,12th Dec 03
148,Garry's Mod,PC,Valve,16.90m,N/A,N/A,N/A,N/A,N/A,29th Nov 06
149,Hitman,Series,Eidos Interactive,16.59m,N/A,N/A,N/A,N/A,N/A,21st Nov 00
150,Super Mario Odyssey,NS,Nintendo,16.59m,N/A,N/A,N/A,N/A,N/A,27th Oct 17
151,Pokémon X/Y,3DS,Nintendo,16.44m,N/A,N/A,N/A,N/A,N/A,12th Oct 13
152,The Legend of Zelda: Breath of the Wild,NS,Nintendo,16.34m,N/A,N/A,N/A,N/A,N/A,03rd Mar 17
153,Uncharted 4: A Thief's End,PS4,Sony Interactive Entertainment,16.25m,N/A,N/A,N/A,N/A,N/A,10th May 16
154,Pokémon Ruby / Sapphire Version,GBA,Nintendo,16.22m,N/A,N/A,N/A,N/A,N/A,17th Mar 03
155,Pokémon Sun/Moon,3DS,Nintendo,16.18m,N/A,N/A,N/A,N/A,N/A,18th Nov 16
156,The Lord of the Rings,Series,Unknown,16.17m,N/A,N/A,N/A,N/A,N/A,N/A
157,Grand Theft Auto: Vice City,PS2,Rockstar Games,N/A,16.15m,8.41m,5.49m,0.47m,1.78m,28th Oct 02
158,Pokémon Sword / Shield,NS,Nintendo,16.06m,N/A,N/A,N/A,N/A,N/A,15th Nov 19
159,Super Robot Wars,Series,Bandai,16.00m,N/A,N/A,N/A,N/A,N/A,20th Apr 91
160,Grand Theft Auto V,X360,Rockstar Games,N/A,15.86m,9.06m,5.33m,0.06m,1.42m,17th Sep 13
161,Pokémon Black / White Version,DS,Nintendo,15.64m,N/A,N/A,N/A,N/A,N/A,06th Mar 11
162,Pokemon Mystery Dungeon,Series,Nintendo,15.22m,N/A,N/A,N/A,N/A,N/A,18th Sep 06
163,Call of Duty: Black Ops 3,PS4,Activision,N/A,15.09m,6.18m,6.05m,0.41m,2.44m,06th Nov 15
164,Counter-Strike: Source,PC,VU Games,15.00m,N/A,N/A,N/A,N/A,N/A,16th Nov 04
165,Backyard Sports,Series,Humongous Entertainment,15.00m,N/A,N/A,N/A,N/A,N/A,01st Jan 97
166,Barbie,Series,Unknown,15.00m,N/A,N/A,N/A,N/A,N/A,N/A
167,Burnout,Series,Acclaim Entertainment,15.00m,N/A,N/A,N/A,N/A,N/A,01st Nov 01
168,Famista,Series,Namco,15.00m,N/A,N/A,N/A,N/A,N/A,10th Dec 86
169,Gex,Series,BMG Interactive Entertainment,15.00m,N/A,N/A,N/A,N/A,N/A,01st Apr 95
170,Just Cause,Series,Eidos Interactive,15.00m,N/A,N/A,N/A,N/A,N/A,27th Sep 06
171,Sonic the Hedgehog,GEN,Sega,15.00m,N/A,N/A,N/A,N/A,N/A,23rd Jun 91
172,SoulCalibur,Series,Namco,15.00m,N/A,N/A,N/A,N/A,N/A,20th Dec 96
173,Mario Tennis,Series,Nintendo,14.92m,N/A,N/A,N/A,N/A,N/A,14th Aug 95
174,Gran Turismo 3: A-Spec,PS2,Sony Computer Entertainment,14.89m,N/A,N/A,N/A,N/A,N/A,09th Jul 01
175,Brain Age 2: More Training in Minutes a Day,DS,Nintendo,14.88m,N/A,N/A,N/A,N/A,N/A,20th Aug 07
176,Luigi's Mansion,Series,Nintendo,14.86m,N/A,N/A,N/A,N/A,N/A,18th Nov 01
177,Call of Duty: Modern Warfare 3,X360,Activision,N/A,14.82m,9.07m,4.29m,0.13m,1.33m,08th Nov 11
178,Splatoon,Series,Nintendo,14.75m,N/A,N/A,N/A,N/A,N/A,29th May 15
179,Call of Duty: Black Ops,X360,Activision,N/A,14.74m,9.76m,3.73m,0.11m,1.14m,09th Nov 10
180,Pokémon Yellow: Special Pikachu Edition,GB,Nintendo,14.64m,N/A,N/A,N/A,N/A,N/A,19th Oct 99
181,Ace Combat,Series,Namco,14.50m,N/A,N/A,N/A,N/A,N/A,09th Sep 95
182,Halo 3,X360,Microsoft Game Studios,14.50m,N/A,N/A,N/A,N/A,N/A,25th Sep 07
183,Pokémon Omega Ruby/Pokémon Alpha Sapphire,3DS,Nintendo,14.26m,N/A,N/A,N/A,N/A,N/A,21st Nov 14
184,Everybody's Golf,Series,Sony Computer Entertainment,14.19m,N/A,N/A,N/A,N/A,N/A,30th Apr 98
185,Terraria,PC,Unknown,14.00m,N/A,N/A,N/A,N/A,N/A,16th May 11
186,Yo-kai Watch,Series,Nintendo,14.00m,N/A,N/A,N/A,N/A,N/A,06th Nov 15
187,Red Dead Redemption 2,PS4,Rockstar Games,N/A,13.94m,5.26m,6.21m,0.21m,2.26m,26th Oct 18
188,Call of Duty: Black Ops II,X360,Activision,N/A,13.86m,8.27m,4.32m,0.07m,1.20m,13th Nov 12
189,Call of Duty: Black Ops II,PS3,Activision,N/A,13.80m,4.99m,5.88m,0.65m,2.28m,13th Nov 12
190,Call of Duty: Modern Warfare 2,X360,Activision,N/A,13.53m,8.54m,3.63m,0.08m,1.28m,10th Nov 09
191,Guild Wars,Series,NCSoft,13.50m,N/A,N/A,N/A,N/A,N/A,26th Apr 05
192,Call of Duty: WWII,PS4,Activision,N/A,13.40m,4.67m,6.21m,0.40m,2.12m,03rd Nov 17
193,Call of Duty: Modern Warfare 3,PS3,Activision,N/A,13.35m,5.54m,5.78m,0.49m,1.54m,08th Nov 11
194,New Super Mario Bros. 2,3DS,Nintendo,13.32m,N/A,N/A,N/A,N/A,N/A,19th Aug 12
195,Super Smash Bros. Brawl,Wii,Nintendo,13.30m,N/A,N/A,N/A,N/A,N/A,09th Mar 08
196,Marvel's Spider-Man,PS4,Sony Interactive Entertainment,13.20m,N/A,N/A,N/A,N/A,N/A,07th Sep 18
197,Grand Theft Auto III,PS2,Rockstar Games,N/A,13.10m,6.99m,4.51m,0.30m,1.30m,23rd Oct 01
198,Portal 2,PC,Valve,13.06m,N/A,N/A,N/A,N/A,N/A,19th Apr 11
199,Saints Row,Series,THQ,13.04m,N/A,N/A,N/A,N/A,N/A,29th Aug 06
200,Dead Rising,Series,Capcom,13.00m,N/A,N/A,N/A,N/A,N/A,08th Aug 06
201,Minecraft,X360,Microsoft Studios,13.00m,N/A,N/A,N/A,N/A,N/A,04th Jun 13
202,Scribblenauts,Series,Warner Bros. Interactive Entertainment,13.00m,N/A,N/A,N/A,N/A,N/A,15th Sep 09
203,Super Mario Galaxy,Wii,Nintendo,12.79m,N/A,N/A,N/A,N/A,N/A,12th Nov 07
204,Pokémon Heart Gold / Soul Silver Version,DS,Nintendo,12.72m,N/A,N/A,N/A,N/A,N/A,14th Mar 10
205,Call of Duty: Black Ops,PS3,Activision,N/A,12.67m,6.01m,4.40m,0.48m,1.78m,09th Nov 10
206,Super Mario 3D Land,3DS,Nintendo,12.67m,N/A,N/A,N/A,N/A,N/A,13th Nov 11
207,Grand Theft Auto V,PC,Rockstar Games,12.60m,N/A,N/A,N/A,N/A,N/A,14th Apr 15
208,Myst,Series,Broderbund,12.50m,N/A,N/A,N/A,N/A,N/A,24th Sep 93
209,Animal Crossing: New Leaf,3DS,Nintendo,12.45m,N/A,N/A,N/A,N/A,N/A,09th Jun 13
210,Momotaro Dentetsu,Series,Hudson Soft,12.41m,N/A,N/A,N/A,N/A,N/A,02nd Dec 88
211,The Witcher 3: Wild Hunt,PC,Warner Bros. Interactive Entertainment,12.40m,N/A,N/A,N/A,N/A,N/A,19th May 15
212,Wario,Series,Nintendo,12.13m,N/A,N/A,N/A,N/A,N/A,13th Mar 94
213,Mario & Luigi,Series,Nintendo,12.12m,N/A,N/A,N/A,N/A,N/A,17th Nov 03
214,Cooking Mama,Series,Majesco Entertainment,12.00m,N/A,N/A,N/A,N/A,N/A,12th Sep 06
215,Diablo III,PC,Blizzard Entertainment,12.00m,N/A,N/A,N/A,N/A,N/A,15th May 12
216,Half-Life 2,PC,VU Games,12.00m,N/A,N/A,N/A,N/A,N/A,16th Nov 04
217,Jak and Daxter,Series,Sony Computer Entertainment,12.00m,N/A,N/A,N/A,N/A,N/A,03rd Dec 01
218,Left 4 Dead,Series,Valve,12.00m,N/A,N/A,N/A,N/A,N/A,17th Nov 08
219,Pokémon FireRed / LeafGreen Version,GBA,Nintendo,12.00m,N/A,N/A,N/A,N/A,N/A,07th Sep 04
220,SOCOM,Series,Sony Computer Entertainment,12.00m,N/A,N/A,N/A,N/A,N/A,27th Aug 02
221,World of Warcraft,PC,Blizzard Entertainment,12.00m,N/A,N/A,N/A,N/A,N/A,23rd Nov 04
222,Yakuza,Series,Sega,12.00m,N/A,N/A,N/A,N/A,N/A,05th Sep 06
223,Gran Turismo 5,PS3,Sony Computer Entertainment,11.95m,N/A,N/A,N/A,N/A,N/A,24th Nov 10
224,Super Mario 64,N64,Nintendo,11.91m,N/A,N/A,N/A,N/A,N/A,26th Sep 96
225,FIFA 18,PS4,EA Sports,N/A,11.80m,1.27m,8.64m,0.15m,1.73m,29th Sep 17
226,The Last of Us Remastered,PS4,Sony Computer Entertainment,11.78m,N/A,N/A,N/A,N/A,N/A,29th Jul 14
227,Gran Turismo 4,PS2,Sony Computer Entertainment,11.76m,N/A,N/A,N/A,N/A,N/A,22nd Feb 05
228,"Pokémon: Let's Go, Pikachu/Eevee",NS,Nintendo,11.76m,N/A,N/A,N/A,N/A,N/A,16th Nov 18
229,Animal Crossing: Wild World,DS,Nintendo,11.75m,N/A,N/A,N/A,N/A,N/A,05th Dec 05
230,The Room,Series,Unknown,11.50m,N/A,N/A,N/A,N/A,N/A,N/A
231,Super Mario Land 2: 6 Golden Coins,GB,Nintendo,11.18m,N/A,N/A,N/A,N/A,N/A,02nd Nov 92
232,Wii Party,Series,Nintendo,11.12m,N/A,N/A,N/A,N/A,N/A,03rd Oct 10
233,Grand Theft Auto IV,X360,Rockstar Games,N/A,11.09m,6.80m,3.11m,0.14m,1.04m,29th Apr 08
234,Super Mario 64 DS,DS,Nintendo,11.06m,N/A,N/A,N/A,N/A,N/A,20th Nov 04
235,Dance Dance Revolution,Series,Konami,11.00m,N/A,N/A,N/A,N/A,N/A,26th Sep 98
236,God of War (2018),PS4,Sony Interactive Entertainment,11.00m,N/A,N/A,N/A,N/A,N/A,20th Apr 18
237,StarCraft,PC,Blizzard Entertainment,11.00m,N/A,N/A,N/A,N/A,N/A,01st Apr 98
238,FIFA 17,PS4,Electronic Arts,N/A,10.94m,1.26m,7.95m,0.12m,1.61m,27th Sep 16
239,Gran Turismo,PS,Sony Computer Entertainment,10.85m,N/A,N/A,N/A,N/A,N/A,30th Apr 98
240,The Witcher 3: Wild Hunt,PS4,Warner Bros. Interactive Entertainment,10.80m,N/A,N/A,N/A,N/A,N/A,19th May 15
241,Call of Duty: Modern Warfare 2,PS3,Activision,N/A,10.61m,4.99m,3.66m,0.38m,1.59m,10th Nov 09
242,Farming Simulator,Series,Astragon,10.58m,N/A,N/A,N/A,N/A,N/A,14th Apr 08
243,Grand Theft Auto IV,PS3,Rockstar Games,N/A,10.57m,4.79m,3.73m,0.44m,1.62m,29th Apr 08
244,Super Mario All-Stars,SNES,Nintendo,10.55m,N/A,N/A,N/A,N/A,N/A,01st Aug 93
245,Rocket League,Series,Psyonix,10.50m,N/A,N/A,N/A,N/A,N/A,07th Jul 15
246,Call of Duty: Ghosts,X360,Activision,N/A,10.41m,6.76m,2.64m,0.04m,0.98m,05th Nov 13
247,Tomodachi,Series,Nintendo,10.31m,N/A,N/A,N/A,N/A,N/A,06th Jun 14
248,Persona,Series,Atlus,10.20m,N/A,N/A,N/A,N/A,N/A,01st Nov 96
249,Just Dance 3,Wii,Ubisoft,N/A,10.14m,5.95m,3.13m,N/A,1.06m,07th Oct 11
250,Call of Duty: Ghosts,PS3,Activision,N/A,10.13m,4.11m,4.01m,0.39m,1.62m,05th Nov 13
251,Watch Dogs,Series,Unknown,10.13m,N/A,N/A,N/A,N/A,N/A,N/A
252,ARMA,Series,505 Games,10.00m,N/A,N/A,N/A,N/A,N/A,04th May 07
253,Buzz!,Series,Sony Computer Entertainment Europe,10.00m,N/A,N/A,N/A,N/A,N/A,21st Oct 05
254,Dragon Ball Xenoverse,Series,Bandai Namco Games,10.00m,N/A,N/A,N/A,N/A,N/A,24th Feb 15
255,Horizon: Zero Dawn,PS4,Sony Interactive Entertainment,10.00m,N/A,N/A,N/A,N/A,N/A,28th Feb 17
256,Killing Floor,Series,Tripwire Interactive,10.00m,N/A,N/A,N/A,N/A,N/A,14th May 09
257,MX vs. ATV,Series,Unknown,10.00m,N/A,N/A,N/A,N/A,N/A,N/A
258,Nobunaga's Ambition,Series,KOEI,10.00m,N/A,N/A,N/A,N/A,N/A,01st Mar 83
259,Pitfall,Series,Activision,10.00m,N/A,N/A,N/A,N/A,N/A,20th Apr 82
260,RollerCoaster Tycoon 3,PC,Atari,10.00m,N/A,N/A,N/A,N/A,N/A,26th Oct 04
261,Sniper Elite,Series,Namco,10.00m,N/A,N/A,N/A,N/A,N/A,18th Oct 05
262,Stardew Valley,Series,Chucklefish,10.00m,N/A,N/A,N/A,N/A,N/A,26th Feb 16
263,Taiko no Tatsujin,Series,Namco,10.00m,N/A,N/A,N/A,N/A,N/A,26th Oct 04
264,The Settlers,Series,Blue Byte,10.00m,N/A,N/A,N/A,N/A,N/A,30th Jun 93
265,Halo: Reach,X360,Microsoft Game Studios,N/A,9.97m,7.08m,2.01m,0.08m,0.80m,14th Sep 10
266,Portal,PC,Valve Corporation,9.97m,N/A,N/A,N/A,N/A,N/A,09th Apr 08
267,Paper Mario,Series,Nintendo,9.97m,N/A,N/A,N/A,N/A,N/A,05th Feb 01
268,Halo 4,X360,Microsoft Studios,N/A,9.96m,6.72m,2.36m,0.04m,0.83m,06th Nov 12
269,The Binding of Isaac,Series,Unknown,9.93m,N/A,N/A,N/A,N/A,N/A,N/A
270,Final Fantasy VII,PS,Sony Computer Entertainment,9.90m,N/A,N/A,N/A,N/A,N/A,03rd Sep 97
271,SaGa,Series,Sunsoft,9.90m,N/A,N/A,N/A,N/A,N/A,30th Sep 90
272,Mario Golf,Series,Nintendo,9.87m,N/A,N/A,N/A,N/A,N/A,29th Sep 91
273,Mario Kart 64,N64,Nintendo,9.87m,N/A,N/A,N/A,N/A,N/A,10th Feb 97
274,Splatoon 2,NS,Nintendo,9.81m,N/A,N/A,N/A,N/A,N/A,21st Jul 17
275,Dead or Alive,Series,Tecmo,9.70m,N/A,N/A,N/A,N/A,N/A,31st Mar 98
276,Super Smash Bros. for 3DS,3DS,Nintendo,9.57m,N/A,N/A,N/A,N/A,N/A,03rd Oct 14
277,Carnival Games,Series,Global Star Software,9.50m,N/A,N/A,N/A,N/A,N/A,27th Aug 07
278,Big Brain Academy,Series,Unknown,9.49m,N/A,N/A,N/A,N/A,N/A,N/A
279,Call of Duty 4: Modern Warfare,X360,Activision,N/A,9.41m,5.98m,2.39m,0.13m,0.91m,05th Nov 07
280,Gran Turismo 2,PS,Sony Computer Entertainment,9.37m,N/A,N/A,N/A,N/A,N/A,17th Jan 99
281,Wii Party,Wii,Nintendo,9.34m,N/A,N/A,N/A,N/A,N/A,03rd Oct 10
282,Call of Duty: Black Ops IIII,PS4,Activision,N/A,9.32m,4.05m,3.28m,0.50m,1.49m,12th Oct 18
283,Mario Party DS,DS,Nintendo,9.31m,N/A,N/A,N/A,N/A,N/A,19th Nov 07
284,Donkey Kong Country,SNES,Nintendo,9.30m,N/A,N/A,N/A,N/A,N/A,21st Nov 94
285,Half-Life,PC,Sierra Entertainment,9.30m,N/A,N/A,N/A,N/A,N/A,19th Nov 98
286,Marvel vs. Capcom,Series,Capcom,9.30m,N/A,N/A,N/A,N/A,N/A,01st Dec 96
287,Uncharted 3: Drake's Deception,PS3,Sony Computer Entertainment,9.30m,N/A,N/A,N/A,N/A,N/A,01st Nov 11
288,FIFA 19,PS4,Electronic Arts,N/A,9.15m,0.84m,6.87m,0.10m,1.34m,28th Sep 18
289,Super Mario Party,NS,Nintendo,9.12m,N/A,N/A,N/A,N/A,N/A,05th Oct 18
290,Rust,PC,Facepunch Studios,9.02m,N/A,N/A,N/A,N/A,N/A,08th Feb 18
291,Payday,Series,Daybreak Games,9.00m,N/A,N/A,N/A,N/A,N/A,18th Oct 11
292,Silent Hill,Series,Konami,9.00m,N/A,N/A,N/A,N/A,N/A,23rd Feb 99
293,The Experience,Series,Ubisoft,9.00m,N/A,N/A,N/A,N/A,N/A,06th Nov 10
294,The Elder Scrolls V: Skyrim,X360,Bethesda Softworks,N/A,8.88m,5.10m,2.83m,0.10m,0.85m,11th Nov 11
295,Mario Party 8,Wii,Nintendo,8.85m,N/A,N/A,N/A,N/A,N/A,29th May 07
296,Super Mario Kart,SNES,Nintendo,8.76m,N/A,N/A,N/A,N/A,N/A,01st Sep 92
297,Grand Theft Auto V,XOne,Rockstar Games,N/A,8.72m,4.70m,3.25m,0.01m,0.76m,18th Nov 14
298,Pokémon: Ultra Sun and Ultra Moon,3DS,Nintendo,8.70m,N/A,N/A,N/A,N/A,N/A,17th Nov 17
299,Final Fantasy VIII,PS,Square EA,8.60m,N/A,N/A,N/A,N/A,N/A,07th Sep 99
300,Final Fantasy X,PS2,Square,8.60m,N/A,N/A,N/A,N/A,N/A,17th Dec 01
301,Pokémon Black 2 and White 2,DS,Nintendo,8.52m,N/A,N/A,N/A,N/A,N/A,07th Oct 12
302,Call of Duty: Infinite Warfare,PS4,Activision,N/A,8.48m,3.11m,3.83m,0.19m,1.36m,04th Nov 16
303,Fallout 4,PS4,Bethesda Softworks,N/A,8.48m,2.91m,3.97m,0.27m,1.34m,10th Nov 15
304,Mario Kart 8,WiiU,Nintendo,8.44m,N/A,N/A,N/A,N/A,N/A,30th May 14
305,Onimusha,Series,Capcom,8.30m,N/A,N/A,N/A,N/A,N/A,13th Mar 01
306,Tekken 3,PS,Namco,8.30m,N/A,N/A,N/A,N/A,N/A,29th Apr 98
307,FIFA 16,PS4,EA Sports,N/A,8.22m,1.15m,5.77m,0.07m,1.23m,22nd Sep 15
308,The Last of Us,PS3,Sony Computer Entertainment America,8.15m,N/A,N/A,N/A,N/A,N/A,14th Jun 13
309,GoldenEye 007,N64,Nintendo,8.09m,N/A,N/A,N/A,N/A,N/A,25th Aug 97
310,Star Wars Battlefront (2015),PS4,Electronic Arts,N/A,8.03m,3.31m,3.19m,0.23m,1.30m,17th Nov 15
311,FIFA 13,PS3,EA Sports,N/A,8.01m,1.07m,5.13m,0.13m,1.68m,25th Sep 12
312,Halo 2,XB,Microsoft Game Studios,8.00m,N/A,N/A,N/A,N/A,N/A,09th Nov 04
313,Inazuma Eleven,Series,Level 5,8.00m,N/A,N/A,N/A,N/A,N/A,22nd Aug 08
314,Kinect Sports,Series,Microsoft Game Studios,8.00m,N/A,N/A,N/A,N/A,N/A,09th Oct 10
315,Moto Racer,Series,Electronic Arts,8.00m,N/A,N/A,N/A,N/A,N/A,03rd Sep 97
316,Unreal,Series,GT Interactive,8.00m,N/A,N/A,N/A,N/A,N/A,22nd May 98
317,The Sims 3,PC,Electronic Arts,N/A,7.96m,1.01m,6.46m,N/A,0.50m,02nd Jun 09
318,Romance of the Three Kingdoms,Series,KOEI,7.76m,N/A,N/A,N/A,N/A,N/A,10th Dec 85
319,Grand Theft Auto: Liberty City Stories,PSP,Rockstar Games,N/A,7.72m,2.90m,2.83m,0.24m,1.74m,25th Oct 05
320,Pac-Man,2600,Atari,7.70m,N/A,N/A,N/A,N/A,N/A,01st Mar 82
321,God of War III,PS3,Sony Computer Entertainment,7.60m,N/A,N/A,N/A,N/A,N/A,16th Mar 10
322,Pokémon Platinum Version,DS,Nintendo,7.60m,N/A,N/A,N/A,N/A,N/A,22nd Mar 09
323,The Legend of Zelda: Ocarina of Time,N64,Nintendo,7.60m,N/A,N/A,N/A,N/A,N/A,23rd Nov 98
324,Crash Bandicoot 2: Cortex Strikes Back,PS,Sony Computer Entertainment,N/A,7.58m,3.78m,2.17m,1.31m,0.31m,31st Oct 97
325,Call of Duty: Advanced Warfare,PS4,Activision,N/A,7.53m,2.84m,3.34m,0.14m,1.22m,04th Nov 14
326,Crysis,Series,Electronic Arts,7.50m,N/A,N/A,N/A,N/A,N/A,13th Nov 07
327,Call of Duty: World at War,X360,Activision,N/A,7.50m,4.88m,1.91m,N/A,0.71m,10th Nov 08
328,Baldur's Gate,Series,Interplay Entertainment Corp.,7.47m,N/A,N/A,N/A,N/A,N/A,31st Jul 00
329,Super Mario Bros. 2,NES,Nintendo,7.46m,N/A,N/A,N/A,N/A,N/A,01st Oct 88
330,Super Mario Galaxy 2,Wii,Nintendo,7.41m,N/A,N/A,N/A,N/A,N/A,23rd May 10
331,Super Smash Bros. Melee,GC,Nintendo,7.41m,N/A,N/A,N/A,N/A,N/A,02nd Dec 01
332,Call of Duty: Black Ops 3,XOne,Activision,N/A,7.37m,4.63m,2.04m,0.02m,0.68m,06th Nov 15
333,Battlefield 3,X360,Electronic Arts,N/A,7.35m,4.47m,2.12m,0.06m,0.69m,25th Oct 11
334,Ace Attorney,Series,Capcom,7.30m,N/A,N/A,N/A,N/A,N/A,12th Oct 05
335,Yokai Watch 2: Bony Spirits / Fleshy Souls / Psychic Specters,3DS,Nintendo,7.29m,N/A,N/A,N/A,N/A,N/A,30th Sep 16
336,Ark,Series,Studio Wildcard,7.26m,N/A,N/A,N/A,N/A,N/A,27th Aug 17
337,The Legend of Zelda: Twilight Princess,Wii,Nintendo,7.26m,N/A,N/A,N/A,N/A,N/A,19th Nov 06
338,Battlefield 1,PS4,Electronic Arts,N/A,7.26m,2.20m,3.65m,0.29m,1.12m,21st Oct 16
339,Battlefield 3,PS3,Electronic Arts,N/A,7.21m,2.86m,2.94m,0.35m,1.07m,25th Oct 11
340,Need for Speed Underground,PS2,Electronic Arts,N/A,7.20m,3.27m,2.83m,0.08m,1.02m,17th Nov 03
341,Megami Tensei,Series,Atlus,7.20m,N/A,N/A,N/A,N/A,N/A,12th Oct 04
342,The Binding of Isaac,PC,Edmund McMillen,7.17m,N/A,N/A,N/A,N/A,N/A,28th Sep 11
343,Crash Bandicoot 3: Warped,PS,Sony Computer Entertainment,N/A,7.13m,3.68m,1.75m,1.42m,0.28m,31st Oct 98
344,Pokémon Emerald Version,GBA,Nintendo,7.06m,N/A,N/A,N/A,N/A,N/A,30th Apr 05
345,Guild Wars 2,PC,NCSoft,7.00m,N/A,N/A,N/A,N/A,N/A,28th Aug 12
346,Oddworld,Series,GT Interactive,7.00m,N/A,N/A,N/A,N/A,N/A,19th Sep 97
347,Project Gotham Racing,Series,Sega,7.00m,N/A,N/A,N/A,N/A,N/A,15th Jan 01
348,Rugrats,Series,THQ,7.00m,N/A,N/A,N/A,N/A,N/A,29th Jun 99
349,Samurai Warriors,Series,KOEI,7.00m,N/A,N/A,N/A,N/A,N/A,06th May 04
350,Need for Speed Underground 2,PS2,Electronic Arts,N/A,6.90m,2.71m,3.02m,0.08m,1.09m,15th Nov 04
351,Just Dance 4,Wii,Ubisoft,N/A,6.89m,4.05m,2.21m,N/A,0.62m,09th Oct 12
352,Mario Kart: Double Dash!!,GC,Nintendo,6.88m,N/A,N/A,N/A,N/A,N/A,17th Nov 03
353,Medal of Honor: Frontline,PS2,Electronic Arts,N/A,6.83m,2.93m,2.75m,0.17m,0.99m,28th May 02
354,Crash Bandicoot,PS,Sony Computer Entertainment,6.82m,N/A,N/A,N/A,N/A,N/A,01st Sep 96
355,Uncharted 2: Among Thieves,PS3,Sony Computer Entertainment,N/A,6.74m,3.28m,2.22m,0.21m,1.02m,13th Oct 09
356,Call of Duty 4: Modern Warfare,PS3,Activision,N/A,6.72m,3.13m,2.27m,0.28m,1.04m,05th Nov 07
357,Star Wars: Knights of the Old Republic,Series,LucasArts,6.70m,N/A,N/A,N/A,N/A,N/A,15th Jul 03
358,Dead Space,Series,Unknown,6.67m,N/A,N/A,N/A,N/A,N/A,N/A
359,FIFA Soccer 12,PS3,EA Sports,N/A,6.65m,0.84m,4.33m,0.11m,1.37m,27th Sep 11
360,FIFA 14,PS3,EA Sports,N/A,6.61m,0.79m,4.77m,0.07m,0.98m,24th Sep 13
361,Fallout 4,PC,Bethesda Softworks,6.60m,N/A,N/A,N/A,N/A,N/A,10th Nov 15
362,Red Dead Redemption,PS3,Rockstar Games,N/A,6.57m,2.82m,2.58m,0.17m,1.00m,11th Oct 11
363,Tomodachi Life,3DS,Nintendo,6.55m,N/A,N/A,N/A,N/A,N/A,06th Jun 14
364,Donkey Kong Country Returns,Wii,Nintendo,6.53m,N/A,N/A,N/A,N/A,N/A,21st Nov 10
365,The Legend of Zelda,NES,Nintendo,6.51m,N/A,N/A,N/A,N/A,N/A,22nd Aug 87
366,Assassin's Creed III,PS3,Ubisoft,N/A,6.50m,2.65m,2.61m,0.16m,1.08m,30th Oct 12
367,Guild Wars,PC,NCSoft,6.50m,N/A,N/A,N/A,N/A,N/A,26th Apr 05
368,Red Dead Redemption,X360,Rockstar Games,N/A,6.50m,3.77m,2.03m,0.09m,0.60m,18th May 10
369,The Elder Scrolls V: Skyrim,PS3,Bethesda Softworks,N/A,6.49m,2.57m,2.68m,0.25m,0.99m,11th Nov 11
370,Diddy Kong Racing,Series,Nintendo,6.47m,N/A,N/A,N/A,N/A,N/A,24th Nov 97
371,Final Fantasy XII,PS2,Square Enix,6.40m,N/A,N/A,N/A,N/A,N/A,31st Oct 06
372,Pokémon Crystal Version,GBC,Nintendo,6.39m,N/A,N/A,N/A,N/A,N/A,29th Jul 01
373,Halo 3: ODST,X360,Microsoft Game Studios,N/A,6.35m,4.34m,1.34m,0.06m,0.61m,22nd Sep 09
374,Minecraft,PS4,Sony Computer Entertainment,N/A,6.33m,1.89m,3.13m,0.35m,0.96m,07th Oct 14
375,FIFA 15,PS4,EA Sports,N/A,6.32m,0.83m,4.49m,0.05m,0.94m,23rd Sep 14
376,Kingdom Hearts,PS2,Square EA,6.30m,N/A,N/A,N/A,N/A,N/A,16th Sep 02
377,Myst,PC,Broderbund,6.30m,N/A,N/A,N/A,N/A,N/A,01st Jan 95
378,Street Fighter II: The World Warrior,SNES,Capcom,6.30m,N/A,N/A,N/A,N/A,N/A,01st Jul 92
379,Driver,PS,GT Interactive,N/A,6.27m,3.11m,2.80m,0.02m,0.33m,30th Jun 99
380,Call of Duty: WWII,XOne,Activision,N/A,6.23m,3.75m,1.91m,N/A,0.57m,03rd Nov 17
381,Lost Planet,Series,Capcom,6.20m,N/A,N/A,N/A,N/A,N/A,12th Jan 07
382,Luigi's Mansion: Dark Moon,3DS,Nintendo,6.16m,N/A,N/A,N/A,N/A,N/A,24th Mar 13
383,Big Brain Academy,DS,Nintendo,6.15m,N/A,N/A,N/A,N/A,N/A,05th Jun 06
384,Hatsune Miku: Project,Series,Sega,6.10m,N/A,N/A,N/A,N/A,N/A,09th Apr 12
385,Minecraft,PS3,Sony Computer Entertainment America,N/A,6.05m,2.21m,2.86m,N/A,0.99m,16th May 14
386,Metal Gear Solid 2: Sons of Liberty,PS2,Konami,N/A,6.05m,2.45m,2.01m,0.87m,0.72m,12th Nov 01
387,The Legend of Zelda: Ocarina of Time 3D,3DS,Nintendo,6.02m,N/A,N/A,N/A,N/A,N/A,19th Jun 11
388,Championship Manager,Series,Domark Software,6.00m,N/A,N/A,N/A,N/A,N/A,01st Sep 92
389,Cities: Skylines,PC,Paradox Interactive,6.00m,N/A,N/A,N/A,N/A,N/A,10th Mar 15
390,Conflict,Series,Gotham Games,6.00m,N/A,N/A,N/A,N/A,N/A,30th Sep 02
391,Mana,Series,Square,6.00m,N/A,N/A,N/A,N/A,N/A,01st Nov 91
392,Metal Gear Solid,PS,Konami,6.00m,N/A,N/A,N/A,N/A,N/A,21st Oct 98
393,MotorStorm,Series,Unknown,6.00m,N/A,N/A,N/A,N/A,N/A,N/A
394,NBA Jam,Series,Midway,6.00m,N/A,N/A,N/A,N/A,N/A,04th Mar 94
395,Sonic the Hedgehog 2,GEN,Sega,6.00m,N/A,N/A,N/A,N/A,N/A,20th Nov 92
396,Metal Gear Solid 4: Guns of the Patriots,PS3,Konami,N/A,6.00m,2.63m,1.72m,0.83m,0.81m,12th Jun 08
397,Euro Truck Simulator 2,PC,SCS Software,5.98m,N/A,N/A,N/A,N/A,N/A,16th Jan 13
398,WarioWare,Series,Nintendo,5.92m,N/A,N/A,N/A,N/A,N/A,26th May 03
399,Deus Ex,Series,Eidos Interactive,5.92m,N/A,N/A,N/A,N/A,N/A,17th Jun 00
400,Mario Kart: Super Circuit,GBA,Nintendo,5.91m,N/A,N/A,N/A,N/A,N/A,26th Aug 01
401,Super Mario Sunshine,GC,Nintendo,5.91m,N/A,N/A,N/A,N/A,N/A,25th Aug 02
402,Mario vs. Donkey Kong,Series,Nintendo,5.87m,N/A,N/A,N/A,N/A,N/A,24th May 04
403,New Super Mario Bros. U Deluxe,NS,Nintendo,5.85m,N/A,N/A,N/A,N/A,N/A,11th Jan 19
404,Super Mario 3D World,WiiU,Nintendo,5.83m,N/A,N/A,N/A,N/A,N/A,22nd Nov 13
405,Age of Empires II: HD Edition,PC,Microsoft Studios,5.82m,N/A,N/A,N/A,N/A,N/A,09th Apr 13
406,Link's Crossbow Training,Wii,Nintendo,5.79m,N/A,N/A,N/A,N/A,N/A,19th Nov 07
407,New Super Mario Bros. U,WiiU,Nintendo,5.79m,N/A,N/A,N/A,N/A,N/A,18th Nov 12
408,Red Dead Redemption 2,XOne,Rockstar Games,N/A,5.77m,3.76m,1.47m,N/A,0.54m,26th Oct 18
409,Destiny,PS4,Activision,N/A,5.76m,2.53m,2.13m,0.16m,0.94m,09th Sep 14
410,Tekken 2,PS,Namco,N/A,5.74m,2.26m,1.89m,1.36m,0.23m,25th Aug 96
411,Trials,Series,Unknown,5.70m,N/A,N/A,N/A,N/A,N/A,N/A
412,Uncharted: The Nathan Drake Collection,PS4,Sony Computer Entertainment,N/A,5.70m,2.55m,2.11m,0.10m,0.94m,07th Oct 15
413,Super Mario World: Super Mario Advance 2,GBA,Nintendo,5.69m,N/A,N/A,N/A,N/A,N/A,09th Feb 02
414,LEGO Star Wars: The Complete Saga,Wii,LucasArts,N/A,5.66m,3.57m,1.57m,N/A,0.52m,06th Nov 07
415,Cooking Mama,DS,Majesco,N/A,5.66m,3.09m,1.92m,0.07m,0.58m,12th Sep 06
416,Tetris,NES,Nintendo,5.58m,N/A,N/A,N/A,N/A,N/A,01st Nov 89
417,Super Mario Advance,GBA,Nintendo,5.57m,N/A,N/A,N/A,N/A,N/A,10th Jun 01
418,Assassin's Creed II,PS3,Ubisoft,N/A,5.57m,2.54m,1.95m,0.21m,0.86m,17th Nov 09
419,Super Smash Bros.,N64,Nintendo,5.55m,N/A,N/A,N/A,N/A,N/A,26th Apr 99
420,Assassin's Creed,X360,Ubisoft,N/A,5.55m,3.28m,1.64m,0.07m,0.56m,13th Nov 07
421,Batman: Arkham City,PS3,Warner Bros. Interactive,N/A,5.54m,2.72m,1.89m,0.11m,0.82m,18th Oct 11
422,Forza Motorsport 3,X360,Microsoft Game Studios,N/A,5.50m,2.99m,1.90m,0.10m,0.51m,27th Oct 09
423,Dragon Quest IX: Sentinels of the Starry Skies,DS,Nintendo,5.50m,N/A,N/A,N/A,N/A,N/A,11th Jul 10
424,Final Fantasy IX,PS,Square,5.50m,N/A,N/A,N/A,N/A,N/A,13th Nov 00
425,Final Fantasy X-2,PS2,Square Enix,5.50m,N/A,N/A,N/A,N/A,N/A,18th Nov 03
426,Sid Meier's Civilization VI,PC,2K Games,5.50m,N/A,N/A,N/A,N/A,N/A,21st Oct 16
427,Tomb Raider (2013),PC,Square Enix,5.50m,N/A,N/A,N/A,N/A,N/A,05th Mar 13
428,Pokémon Stadium,N64,Nintendo,5.46m,N/A,N/A,N/A,N/A,N/A,06th Mar 00
429,Minecraft,XOne,Microsoft Studios,N/A,5.43m,3.23m,1.71m,N/A,0.49m,18th Nov 14
430,Call of Duty: World at War,PS3,Activision,N/A,5.43m,2.75m,1.84m,N/A,0.84m,10th Nov 08
431,Super Mario Advance 4: Super Mario Bros. 3,GBA,Nintendo,5.43m,N/A,N/A,N/A,N/A,N/A,21st Oct 03
432,Crash Bandicoot: The Wrath of Cortex,PS2,Universal Interactive,N/A,5.42m,2.07m,2.29m,0.24m,0.82m,29th Oct 01
433,Chrono,Series,Square,5.40m,N/A,N/A,N/A,N/A,N/A,11th Aug 95
434,Luigi's Mansion 3,NS,Nintendo,5.37m,N/A,N/A,N/A,N/A,N/A,31st Oct 19
435,Super Smash Bros. for Wii U,WiiU,Nintendo,5.37m,N/A,N/A,N/A,N/A,N/A,21st Nov 14
436,Final Fantasy XIII,PS3,Square Enix,N/A,5.35m,1.75m,1.23m,1.87m,0.51m,09th Mar 10
437,Xeno,Series,Square,5.35m,N/A,N/A,N/A,N/A,N/A,20th Oct 98
438,Gran Turismo 5 Prologue,PS3,Sony Computer Entertainment,5.35m,N/A,N/A,N/A,N/A,N/A,15th Apr 08
439,Dr. Mario,GB,Nintendo,5.34m,N/A,N/A,N/A,N/A,N/A,01st Dec 90
440,Assassin's Creed III,X360,Ubisoft,N/A,5.31m,3.13m,1.71m,0.03m,0.45m,30th Oct 12
441,Pokémon Pinball,GBC,Nintendo,5.31m,N/A,N/A,N/A,N/A,N/A,31st Jul 99
442,Assassin's Creed II,X360,Ubisoft,N/A,5.30m,3.14m,1.55m,0.08m,0.52m,17th Nov 09
443,The Forest,PC,Endnight Games Ltd,5.30m,N/A,N/A,N/A,N/A,N/A,30th May 14
444,The Forest,Series,Endnight Games Ltd,5.30m,N/A,N/A,N/A,N/A,N/A,30th Apr 18
445,Donkey Kong 64,N64,Nintendo,5.27m,N/A,N/A,N/A,N/A,N/A,22nd Nov 99
446,Just Dance 2,Wii,Ubisoft,5.25m,N/A,N/A,N/A,N/A,N/A,12th Oct 10
447,Tomb Raider II,PS,Eidos Interactive,N/A,5.24m,2.30m,2.46m,0.20m,0.28m,31st Oct 97
448,Madden NFL 2004,PS2,EA Sports,N/A,5.23m,4.26m,0.26m,0.01m,0.71m,12th Aug 03
449,Subnautica,Series,Unknown Worlds Entertainment,5.23m,N/A,N/A,N/A,N/A,N/A,23rd Jan 18
450,Call of Duty: Advanced Warfare,XOne,Activision,N/A,5.22m,3.25m,1.49m,0.01m,0.48m,04th Nov 14
451,Fallout: New Vegas,PC,Bethesda Softworks,5.22m,N/A,N/A,N/A,N/A,N/A,19th Oct 10
452,Gran Turismo 6,PS3,Sony Computer Entertainment America,5.22m,N/A,N/A,N/A,N/A,N/A,06th Dec 13
453,Kingdom Hearts II,PS2,Square Enix,5.20m,N/A,N/A,N/A,N/A,N/A,28th Mar 06
454,NieR,Series,Square Enix,5.20m,N/A,N/A,N/A,N/A,N/A,23rd Apr 10
455,Nintendo Land,WiiU,Nintendo,5.19m,N/A,N/A,N/A,N/A,N/A,18th Nov 12
456,Super Mario Land 3: Wario Land,GB,Nintendo,5.19m,N/A,N/A,N/A,N/A,N/A,09th Feb 94
457,Dead Island,Series,Unknown,5.16m,N/A,N/A,N/A,N/A,N/A,N/A
458,Donkey Kong Country 2: Diddy's Kong Quest,SNES,Nintendo,5.15m,N/A,N/A,N/A,N/A,N/A,20th Nov 95
459,Medal of Honor: Rising Sun,PS2,Electronic Arts,N/A,5.13m,1.98m,2.23m,0.13m,0.80m,11th Nov 03
460,Battlefield 1,XOne,Electronic Arts,N/A,5.13m,3.37m,1.26m,0.02m,0.48m,21st Oct 16
461,Kirby's Dream Land,GB,Nintendo,5.13m,N/A,N/A,N/A,N/A,N/A,01st Aug 92
462,Microsoft Flight Simulator,PC,Microsoft,N/A,5.12m,3.22m,1.69m,N/A,0.20m,31st Oct 96
463,Guitar Hero II,PS2,RedOctane,N/A,5.12m,3.81m,0.63m,N/A,0.68m,07th Nov 06
464,FIFA 13,X360,EA Sports,N/A,5.11m,1.10m,3.49m,0.03m,0.50m,25th Sep 12
465,Resident Evil 5,PS3,Capcom,N/A,5.10m,1.96m,1.42m,1.08m,0.64m,13th Mar 09
466,Fable III,X360,Microsoft Game Studios,N/A,5.10m,3.59m,1.09m,0.05m,0.37m,26th Oct 10
467,Mario & Sonic at the Olympic Games,DS,Sega,N/A,5.10m,1.63m,2.46m,0.44m,0.57m,22nd Jan 08
468,Grand Theft Auto: Vice City Stories,PSP,Rockstar Games,N/A,5.08m,1.70m,2.03m,0.16m,1.19m,31st Oct 06
469,FIFA Soccer 11,PS3,EA Sports,N/A,5.08m,0.61m,3.28m,0.06m,1.12m,28th Sep 10
470,Super Mario Bros. Deluxe,GB,Nintendo,5.07m,N/A,N/A,N/A,N/A,N/A,30th Apr 99
471,Final Fantasy XV,PS4,Square Enix,N/A,5.07m,1.81m,1.53m,1.05m,0.68m,29th Nov 16
472,Super Mario Maker 2,NS,Nintendo,5.04m,N/A,N/A,N/A,N/A,N/A,28th Jun 19
473,Fallout 4,XOne,Bethesda Softworks,N/A,5.03m,2.94m,1.62m,0.02m,0.45m,10th Nov 15
474,Tony Hawk's Pro Skater,PS,Activision,N/A,5.02m,3.42m,1.38m,0.02m,0.20m,31st Aug 99
475,Warzone 2100,PS,Eidos Interactive,N/A,5.01m,2.79m,1.89m,N/A,0.33m,31st May 99
476,Spyro the Dragon,PS,Sony Computer Entertainment,N/A,5.00m,3.36m,1.36m,0.07m,0.21m,10th Sep 98
477,Cuphead,Series,Studio MDHR,5.00m,N/A,N/A,N/A,N/A,N/A,29th Sep 17
478,Gears of War,X360,Microsoft Game Studios,5.00m,N/A,N/A,N/A,N/A,N/A,07th Nov 06
479,Gears of War 2,X360,Microsoft Game Studios,5.00m,N/A,N/A,N/A,N/A,N/A,07th Nov 08
480,Halo 5: Guardians,XOne,Microsoft Studios,5.00m,N/A,N/A,N/A,N/A,N/A,27th Oct 15
481,Halo: Combat Evolved,XB,Microsoft,5.00m,N/A,N/A,N/A,N/A,N/A,14th Nov 01
482,Tecmo Bowl,Series,Tecmo,5.00m,N/A,N/A,N/A,N/A,N/A,01st Dec 87
483,The Matrix,Series,Infogrames,5.00m,N/A,N/A,N/A,N/A,N/A,14th May 03
484,Torchlight,Series,Unknown,5.00m,N/A,N/A,N/A,N/A,N/A,N/A
485,Guitar Hero III: Legends of Rock,PS2,RedOctane,N/A,4.98m,3.49m,0.01m,0.01m,1.48m,28th Oct 07
486,Uncharted: Drake's Fortune,PS3,Sony Computer Entertainment,N/A,4.97m,2.32m,1.73m,0.12m,0.80m,16th Nov 07
487,Resident Evil 2,PS,Capcom,4.96m,N/A,N/A,N/A,N/A,N/A,21st Jan 98
488,Fallout 3,X360,Bethesda Softworks,N/A,4.96m,3.41m,0.99m,0.09m,0.46m,28th Oct 08
489,Darksiders,Series,THQ,4.95m,N/A,N/A,N/A,N/A,N/A,05th Jan 10
490,Splatoon,WiiU,Nintendo,4.94m,N/A,N/A,N/A,N/A,N/A,29th May 15
491,Madden NFL 06,PS2,EA Sports,N/A,4.91m,3.98m,0.26m,0.01m,0.66m,08th Aug 05
492,Stardew Valley,PC,Chucklefish,4.91m,N/A,N/A,N/A,N/A,N/A,26th Feb 16
493,Dragon Quest VIII: Journey of the Cursed King,PS2,Square Enix,4.90m,N/A,N/A,N/A,N/A,N/A,15th Nov 05
494,Dragon's Dogma,Series,Capcom,4.90m,N/A,N/A,N/A,N/A,N/A,22nd May 12
495,Monster Hunter Freedom 3,PSP,Capcom,4.90m,N/A,N/A,N/A,N/A,N/A,01st Dec 10
496,Diddy Kong Racing,N64,Nintendo,4.88m,N/A,N/A,N/A,N/A,N/A,24th Nov 97
497,Pokémon Mystery Dungeon: Explorers of Time / Darkness,DS,Nintendo,4.88m,N/A,N/A,N/A,N/A,N/A,20th Apr 08
498,Call of Duty: Black Ops IIII,XOne,Activision,N/A,4.85m,3.27m,1.12m,N/A,0.46m,12th Oct 18
499,Dr. Mario,NES,Nintendo,4.85m,N/A,N/A,N/A,N/A,N/A,01st Oct 90
500,Crash Bandicoot N. Sane Trilogy,PS4,Activision,N/A,4.83m,1.09m,2.92m,0.07m,0.74m,30th Jun 17
501,Assassin's Creed,PS3,Ubisoft,N/A,4.83m,1.91m,2.01m,0.09m,0.82m,13th Nov 07
502,Call of Duty: Infinite Warfare,XOne,Activision,N/A,4.79m,2.91m,1.44m,N/A,0.44m,04th Nov 16
503,Crash Team Racing,PS,Sony Computer Entertainment,N/A,4.79m,2.57m,1.57m,0.44m,0.21m,30th Sep 99
504,LEGO Star Wars: The Complete Saga,DS,LucasArts,N/A,4.77m,2.83m,1.49m,N/A,0.45m,06th Nov 07
505,The Legend of Zelda: Phantom Hourglass,DS,Nintendo,4.76m,N/A,N/A,N/A,N/A,N/A,02nd Oct 07
506,Batman: Arkham City,X360,Warner Bros. Interactive,N/A,4.75m,2.99m,1.28m,0.04m,0.44m,18th Oct 11
507,Driver 2,PS,Atari,N/A,4.73m,2.36m,2.10m,0.02m,0.25m,13th Nov 00
508,The Simpsons: Hit & Run,PS2,VU Games,N/A,4.70m,1.73m,2.19m,N/A,0.79m,16th Sep 03
509,World of Warcraft: Cataclysm,PC,Blizzard Entertainment,4.70m,N/A,N/A,N/A,N/A,N/A,07th Dec 10
510,Tony Hawk's Pro Skater 2,PS,Activision,N/A,4.68m,3.05m,1.41m,0.02m,0.20m,20th Sep 00
511,Gran Turismo,PSP,Sony Computer Entertainment,4.67m,N/A,N/A,N/A,N/A,N/A,01st Oct 09
512,The Lord of the Rings: The Two Towers,PS2,Electronic Arts,N/A,4.67m,1.94m,1.95m,0.08m,0.70m,21st Oct 02
513,Tomb Raider,PS,Eidos Interactive,N/A,4.63m,2.29m,1.97m,0.13m,0.24m,14th Nov 96
514,God of War,PS2,Sony Computer Entertainment,4.62m,N/A,N/A,N/A,N/A,N/A,22nd Mar 05
515,The Legend of Zelda: A Link to the Past,SNES,Nintendo,4.61m,N/A,N/A,N/A,N/A,N/A,13th Apr 92
516,Left 4 Dead,PC,Valve Corporation,4.60m,N/A,N/A,N/A,N/A,N/A,17th Oct 08
517,Forza Motorsport 4,X360,Microsoft Studios,N/A,4.60m,2.08m,1.98m,0.06m,0.49m,11th Oct 11
518,Guitar Hero III: Legends of Rock,Wii,RedOctane,N/A,4.60m,3.04m,1.12m,0.00m,0.44m,28th Oct 07
519,Nintendogs + cats,3DS,Nintendo,4.59m,N/A,N/A,N/A,N/A,N/A,27th Mar 11
520,"Pokémon: Let's Go, Pikachu!",NS,Nintendo,N/A,4.57m,2.16m,1.24m,0.82m,0.34m,16th Nov 18
521,BioShock Infinite,PC,2K Games,4.56m,N/A,N/A,N/A,N/A,N/A,26th Mar 13
522,Mario & Luigi: Bowser's Inside Story,DS,Nintendo,4.56m,N/A,N/A,N/A,N/A,N/A,14th Sep 09
523,FIFA 15,PS3,EA Sports,N/A,4.56m,0.59m,3.25m,0.04m,0.68m,23rd Sep 14
524,Mario & Sonic at the Olympic Winter Games,Wii,Sega,N/A,4.54m,1.87m,1.97m,0.22m,0.48m,13th Oct 09
525,Overwatch,PS4,Blizzard Entertainment,N/A,4.54m,1.84m,1.80m,0.17m,0.73m,24th May 16
526,Madden NFL 2005,PS2,EA Sports,N/A,4.53m,4.18m,0.26m,0.01m,0.08m,09th Aug 04
527,Guitar Hero III: Legends of Rock,X360,RedOctane,N/A,4.53m,3.19m,0.91m,0.01m,0.42m,28th Oct 07
528,Star Wars Battlefront II (2017),PS4,Electronic Arts,N/A,4.53m,1.70m,1.99m,0.12m,0.73m,17th Nov 17
529,Dead Island,PC,Deep Silver,4.52m,N/A,N/A,N/A,N/A,N/A,06th Sep 11
530,Arma 2: Operation Arrowhead,PC,Meridian4,4.51m,N/A,N/A,N/A,N/A,N/A,29th Jun 10
531,Alan Wake,Series,Microsoft Game Studios,4.50m,N/A,N/A,N/A,N/A,N/A,18th May 10
532,ARK: Survival Evolved,PC,Studio Wildcard,4.50m,N/A,N/A,N/A,N/A,N/A,02nd Jun 15
533,LittleBigPlanet,PS3,Sony Computer Entertainment,4.50m,N/A,N/A,N/A,N/A,N/A,28th Oct 08
534,Riven: The Sequel to Myst,PC,Red Orb,4.50m,N/A,N/A,N/A,N/A,N/A,29th Oct 97
535,StarCraft II: Wings of Liberty,PC,Blizzard Entertainment,4.50m,N/A,N/A,N/A,N/A,N/A,27th Jul 10
536,The Legend of Heroes: Trails,Series,Xseed Games,4.50m,N/A,N/A,N/A,N/A,N/A,29th Mar 11
537,This War of Mine,Series,11 bit studios,4.50m,N/A,N/A,N/A,N/A,N/A,14th Nov 14
538,Warcraft III: Reign of Chaos,PC,Blizzard Entertainment,4.50m,N/A,N/A,N/A,N/A,N/A,03rd Jul 02
539,Pitfall!,2600,Activision,N/A,4.50m,4.21m,0.24m,N/A,0.05m,20th Apr 82
540,Professor Layton and the Curious Village,DS,Nintendo,4.49m,N/A,N/A,N/A,N/A,N/A,10th Feb 08
541,Madden NFL 07,PS2,EA Sports,N/A,4.49m,3.63m,0.24m,0.01m,0.61m,22nd Aug 06
542,Spider-Man: The Movie,PS2,Activision,N/A,4.48m,2.71m,1.51m,0.03m,0.23m,15th Apr 02
543,The Elder Scrolls IV: Oblivion,X360,Take-Two Interactive,N/A,4.47m,2.89m,1.03m,0.13m,0.41m,07th Jul 09
544,The Legend of Zelda: The Wind Waker,GC,Nintendo,4.43m,N/A,N/A,N/A,N/A,N/A,26th Mar 03
545,Tony Hawk's Pro Skater 3,PS2,Activision,N/A,4.41m,2.66m,1.29m,0.01m,0.46m,28th Oct 01
546,Dino Crisis,Series,Capcom,4.40m,N/A,N/A,N/A,N/A,N/A,31st Aug 99
547,Winning Eleven: Pro Evolution Soccer 2007,PS2,Konami,N/A,4.39m,0.10m,2.39m,1.05m,0.86m,06th Feb 07
548,Zelda II: The Adventure of Link,NES,Nintendo,4.38m,N/A,N/A,N/A,N/A,N/A,01st Sep 88
549,Michael Jackson: The Experience,Wii,Ubisoft,N/A,4.37m,2.64m,1.33m,0.01m,0.39m,23rd Nov 10
550,Tom Clancy's The Division,PS4,Ubisoft,N/A,4.37m,1.49m,2.04m,0.16m,0.69m,08th Mar 16
551,Need for Speed: Most Wanted,PS2,Electronic Arts,N/A,4.37m,2.03m,1.79m,0.08m,0.47m,15th Nov 05
552,Resistance: Fall of Man,PS3,Sony Computer Entertainment,N/A,4.37m,1.74m,1.72m,0.14m,0.76m,14th Nov 06
553,Tom Clancy's Rainbow Six: Siege,PS4,Ubisoft,N/A,4.36m,1.29m,2.06m,0.36m,0.64m,01st Dec 15
554,Call of Duty: Advanced Warfare,X360,Activision,N/A,4.34m,2.81m,1.13m,0.00m,0.41m,04th Nov 14
555,Watch Dogs,PS4,Ubisoft,N/A,4.32m,1.40m,2.13m,0.11m,0.68m,27th May 14
556,Animal Crossing: City Folk,Wii,Nintendo,4.32m,N/A,N/A,N/A,N/A,N/A,16th Nov 08
557,Starbound,PC,"Infocom, Inc.",4.31m,N/A,N/A,N/A,N/A,N/A,01st Jan 14
558,Asteroids,2600,Atari,N/A,4.31m,4.00m,0.26m,N/A,0.05m,01st Jan 81
559,Dragon Quest VII,PS,Enix,4.30m,N/A,N/A,N/A,N/A,N/A,01st Nov 01
560,Monster Hunter Generations,3DS,Capcom,4.30m,N/A,N/A,N/A,N/A,N/A,15th Jul 16
561,The Witcher 3: Wild Hunt,XOne,Warner Bros. Interactive Entertainment,4.30m,N/A,N/A,N/A,N/A,N/A,19th May 15
562,Batman: Arkham Asylum,PS3,Eidos Interactive,N/A,4.28m,2.26m,1.33m,0.07m,0.63m,25th Aug 09
563,Call of Duty: Advanced Warfare,PS3,Activision,N/A,4.27m,1.59m,1.81m,0.20m,0.67m,04th Nov 14
564,God of War II,PS2,Sony Computer Entertainment,4.24m,N/A,N/A,N/A,N/A,N/A,13th Mar 07
565,Namco Museum,GBA,Namco,N/A,4.24m,3.00m,1.11m,0.05m,0.07m,10th Jun 01
566,Daxter,PSP,Sony Computer Entertainment,N/A,4.23m,2.45m,1.02m,N/A,0.77m,14th Mar 06
567,God Eater,Series,D3 Publisher,4.23m,N/A,N/A,N/A,N/A,N/A,15th Mar 11
568,Super Paper Mario,Wii,Nintendo,4.23m,N/A,N/A,N/A,N/A,N/A,09th Apr 07
569,Assassin's Creed: Revelations,PS3,Ubisoft,N/A,4.23m,1.41m,2.03m,0.10m,0.69m,15th Nov 11
570,Metal Gear Solid 3: Snake Eater,PS2,Konami,N/A,4.23m,1.46m,0.00m,0.83m,1.93m,17th Nov 04
571,Assassin's Creed: Revelations,X360,Ubisoft,N/A,4.22m,2.28m,1.47m,0.04m,0.44m,15th Nov 11
572,FIFA Soccer 06,PS2,EA Sports,N/A,4.21m,0.78m,2.55m,0.04m,0.84m,04th Oct 05
573,Counter-Strike,PC,Sierra Studios,4.20m,N/A,N/A,N/A,N/A,N/A,08th Nov 00
574,Ghosts 'n Goblins,Series,Capcom,4.20m,N/A,N/A,N/A,N/A,N/A,19th Sep 85
575,Mario Strikers,Series,Nintendo,4.20m,N/A,N/A,N/A,N/A,N/A,05th Dec 05
576,Monster Hunter 4 Ultimate,3DS,Capcom,4.20m,N/A,N/A,N/A,N/A,N/A,13th Feb 15
577,Street Fighter IV,PS3,Capcom,N/A,4.19m,2.04m,1.05m,0.59m,0.52m,17th Feb 09
578,The Legend of Zelda: Link's Awakening,NS,Nintendo,4.19m,N/A,N/A,N/A,N/A,N/A,20th Sep 19
579,7 Days to Die,PC,The Fun Pimps,4.18m,N/A,N/A,N/A,N/A,N/A,13th Dec 13
580,FIFA Soccer 12,X360,EA Sports,N/A,4.18m,0.85m,2.79m,0.02m,0.52m,27th Sep 11
581,Call of Duty: Ghosts,PS4,Activision,N/A,4.17m,1.79m,1.64m,0.05m,0.69m,15th Nov 13
582,Teenage Mutant Ninja Turtles,NES,Ultra Games,N/A,4.17m,3.38m,0.44m,0.31m,0.04m,01st Jun 89
583,Just Cause 2,PC,Eidos Interactive,4.16m,N/A,N/A,N/A,N/A,N/A,23rd Mar 10
584,Excitebike,NES,Nintendo,4.16m,N/A,N/A,N/A,N/A,N/A,18th Oct 85
585,Frogger,PS,Hasbro Interactive,N/A,4.16m,3.79m,0.27m,N/A,0.11m,30th Sep 97
586,Star Wars Battlefront (2015),XOne,Electronic Arts,N/A,4.15m,2.49m,1.26m,0.02m,0.38m,17th Nov 15
587,FIFA 14,X360,EA Sports,N/A,4.15m,0.94m,2.92m,0.01m,0.29m,24th Sep 13
588,Madden NFL 2003,PS2,EA Sports,N/A,4.14m,3.36m,0.21m,0.01m,0.56m,12th Aug 02
589,Assassin's Creed: Unity,PS4,Ubisoft,N/A,4.14m,1.25m,2.16m,0.09m,0.65m,11th Nov 14
590,Destiny 2,PS4,Activision,N/A,4.14m,1.92m,1.44m,0.10m,0.69m,06th Sep 17
591,Super Mario World 2: Yoshi's Island,SNES,Nintendo,4.12m,N/A,N/A,N/A,N/A,N/A,04th Oct 95
592,Batman: Arkham Knight,PS4,Warner Bros. Interactive,N/A,4.11m,1.65m,1.68m,0.11m,0.66m,23rd Jun 15
593,FIFA 07 Soccer,PS2,EA Sports,N/A,4.11m,0.71m,2.48m,0.03m,0.89m,03rd Oct 06
594,The Sims 4,PC,Electronic Arts,N/A,4.10m,1.20m,2.60m,N/A,0.30m,02nd Sep 14
595,Monster Hunter 4,3DS,Capcom,4.10m,N/A,N/A,N/A,N/A,N/A,14th Sep 13
596,Street Fighter II Turbo,SNES,Capcom,4.10m,N/A,N/A,N/A,N/A,N/A,01st Aug 93
597,Fallout: New Vegas,X360,Bethesda Softworks,N/A,4.08m,2.67m,1.03m,0.04m,0.34m,19th Oct 10
598,The Legend of Zelda: A Link Between Worlds,3DS,Nintendo,4.07m,N/A,N/A,N/A,N/A,N/A,22nd Nov 13
599,Assassin's Creed Origins,PS4,Ubisoft,N/A,4.06m,1.22m,2.11m,0.11m,0.63m,27th Oct 17
600,Far Cry 4,PS4,Ubisoft,N/A,4.06m,1.18m,2.14m,0.11m,0.63m,18th Nov 14
601,Carnival Games,Wii,Global Star Software,N/A,4.06m,2.12m,1.47m,0.05m,0.42m,28th Aug 07
602,World Soccer Winning Eleven 9,PS2,Konami,N/A,4.06m,0.12m,2.26m,0.90m,0.77m,07th Feb 06
603,Forza Motorsport 2,X360,Microsoft Game Studios,N/A,4.05m,2.35m,1.27m,0.03m,0.41m,29th May 07
604,Namco Museum Vol.3,PS,Namco,N/A,4.05m,2.28m,1.55m,0.16m,0.06m,31st Jan 97
605,Tekken Tag Tournament,PS2,Namco,N/A,4.05m,1.68m,1.51m,0.51m,0.35m,25th Oct 00
606,Golf,NES,Nintendo,4.01m,N/A,N/A,N/A,N/A,N/A,18th Oct 85
607,Super Mario Maker,WiiU,Nintendo,4.01m,N/A,N/A,N/A,N/A,N/A,11th Sep 15
608,Arma III,PC,Bohemia Interactive,4.00m,N/A,N/A,N/A,N/A,N/A,12th Sep 13
609,Diablo II,PC,Blizzard Entertainment,4.00m,N/A,N/A,N/A,N/A,N/A,29th Jun 00
610,Disney's Aladdin,GEN,Sega,4.00m,N/A,N/A,N/A,N/A,N/A,11th Nov 93
611,EyeToy Play,PS2,Sony Computer Entertainment,4.00m,N/A,N/A,N/A,N/A,N/A,04th Nov 03
612,Just Dance,Wii,Ubisoft,4.00m,N/A,N/A,N/A,N/A,N/A,17th Nov 09
613,Kerbal Space Program,Series,Private Division,4.00m,N/A,N/A,N/A,N/A,N/A,27th Apr 15
614,Monster Hunter: World,PS4,Capcom,4.00m,N/A,N/A,N/A,N/A,N/A,26th Jan 18
615,Risk of Rain,Series,Chucklefish,4.00m,N/A,N/A,N/A,N/A,N/A,08th Nov 13
616,Sakura Wars,Series,Sega,4.00m,N/A,N/A,N/A,N/A,N/A,30th Mar 10
617,Sengoku BASARA,Series,Capcom,4.00m,N/A,N/A,N/A,N/A,N/A,12th Oct 05
618,Star Fox 64,N64,Nintendo,4.00m,N/A,N/A,N/A,N/A,N/A,01st Jul 97
619,World of Warcraft: Wrath of the Lich King,PC,Blizzard Entertainment,4.00m,N/A,N/A,N/A,N/A,N/A,13th Nov 08
620,Fallout 3,PS3,Bethesda Softworks,N/A,4.00m,2.18m,1.15m,0.07m,0.61m,28th Oct 08
621,The Legend of Zelda: Oracle of Ages / Seasons,GBC,Nintendo,3.99m,N/A,N/A,N/A,N/A,N/A,13th May 01
622,The Elder Scrolls V: Skyrim,PC,Bethesda Softworks,N/A,3.99m,1.18m,2.25m,N/A,0.56m,11th Nov 11
623,Namco Museum: 50th Anniversary,PS2,Namco,N/A,3.98m,2.08m,1.35m,N/A,0.54m,30th Aug 05
624,NBA 2K16,PS4,2K Sports,N/A,3.98m,2.56m,0.66m,0.05m,0.71m,29th Sep 15
625,Divinity,Series,CDV Software Entertainment,3.98m,N/A,N/A,N/A,N/A,N/A,22nd Sep 02
626,Left 4 Dead 2,X360,Electronic Arts,N/A,3.97m,2.67m,0.88m,0.05m,0.38m,17th Nov 09
627,Far Cry 5,PS4,Ubisoft,N/A,3.95m,1.44m,1.73m,0.15m,0.62m,27th Mar 18
628,Battlefield 4,PS4,Electronic Arts,N/A,3.94m,1.40m,1.74m,0.19m,0.62m,15th Nov 13
629,Assassin's Creed IV: Black Flag,PS3,Ubisoft,N/A,3.94m,1.34m,1.86m,0.13m,0.62m,29th Oct 13
630,EA Sports Active,Wii,EA Sports,N/A,3.93m,2.11m,1.35m,0.06m,0.40m,19th May 09
631,Half-Life 2: Episode One,PC,Electronic Arts,3.92m,N/A,N/A,N/A,N/A,N/A,01st Jun 06
632,Donkey Kong Land,GB,Nintendo,3.91m,N/A,N/A,N/A,N/A,N/A,26th Jul 95
633,English Training: Have Fun Improving Your Skills!,DS,Nintendo,3.91m,N/A,N/A,N/A,N/A,N/A,27th Oct 06
634,Dragon Quest III,NES,Enix,3.90m,N/A,N/A,N/A,N/A,N/A,01st Mar 92
635,Tony Hawk's Underground,PS2,Activision,N/A,3.90m,2.29m,1.17m,0.01m,0.42m,27th Oct 03
636,Just Dance 2014,Wii,Ubisoft,N/A,3.89m,1.91m,1.66m,N/A,0.33m,08th Oct 13
637,Professor Layton and the Diabolical Box,DS,Nintendo,3.88m,N/A,N/A,N/A,N/A,N/A,24th Aug 09
638,Sports Champions,PS3,Sony Computer Entertainment,N/A,3.88m,2.15m,1.13m,0.10m,0.50m,17th Sep 10
639,World Soccer Winning Eleven 8 International,PS2,Konami,N/A,3.85m,0.16m,1.89m,1.12m,0.68m,01st Feb 05
640,Namco Museum Vol.1,PS,Namco,N/A,3.84m,2.12m,1.44m,0.22m,0.06m,31st Jul 96
641,The Legend of Zelda: Link's Awakening,GB,Nintendo,3.83m,N/A,N/A,N/A,N/A,N/A,01st Aug 93
642,Resident Evil VII: Biohazard,PS4,Capcom,3.83m,N/A,N/A,N/A,N/A,N/A,24th Jan 17
643,Monster Hunter Freedom Unite,PSP,Capcom,3.80m,N/A,N/A,N/A,N/A,N/A,23rd Jun 09
644,Gran Turismo Sport,PS4,Sony Interactive Entertainment,N/A,3.77m,0.63m,2.35m,0.24m,0.54m,17th Oct 17
645,LEGO Indiana Jones: The Original Adventures,X360,LucasArts,N/A,3.76m,2.40m,1.01m,N/A,0.36m,03rd Jun 08
646,The Sims: Unleashed,PC,Electronic Arts,N/A,3.76m,2.03m,1.56m,N/A,0.17m,23rd Sep 02
647,Tomodachi Collection,DS,Nintendo,3.76m,N/A,N/A,N/A,N/A,N/A,18th Jun 09
648,Ratchet & Clank: Size Matters,PSP,Sony Computer Entertainment,N/A,3.75m,1.40m,1.40m,0.10m,0.86m,13th Feb 07
649,Harry Potter and the Sorcerer's Stone,PS,Electronic Arts,N/A,3.73m,1.37m,2.00m,0.14m,0.22m,15th Nov 01
650,Pokémon Trading Card Game,GB,Nintendo,3.72m,N/A,N/A,N/A,N/A,N/A,10th Apr 00
651,FIFA 17,XOne,Electronic Arts,N/A,3.71m,1.04m,2.40m,N/A,0.27m,27th Sep 16
652,Spyro: Year of the Dragon,PS,Sony Computer Entertainment,N/A,3.71m,1.93m,1.58m,N/A,0.19m,23rd Oct 00
653,FIFA Soccer 2005,PS2,EA Sports,N/A,3.70m,0.58m,2.48m,0.04m,0.59m,12th Oct 04
654,Diablo III: Reaper of Souls,PC,Blizzard Entertainment,3.70m,N/A,N/A,N/A,N/A,N/A,25th Mar 14
655,The Legend of Zelda: Skyward Sword,Wii,Nintendo,3.67m,N/A,N/A,N/A,N/A,N/A,20th Nov 11
656,Tony Hawk's Pro Skater 4,PS2,Activision,N/A,3.67m,2.13m,1.18m,0.01m,0.35m,23rd Oct 02
657,Midnight Club 3: DUB Edition,PSP,Rockstar Games,N/A,3.66m,1.65m,1.22m,N/A,0.79m,27th Jun 05
658,MySims,DS,Electronic Arts,N/A,3.66m,1.58m,1.60m,0.08m,0.40m,18th Sep 07
659,Banjo-Kazooie,N64,Nintendo,3.65m,N/A,N/A,N/A,N/A,N/A,31st May 98
660,SOCOM: U.S. Navy SEALs,PS2,Sony Computer Entertainment,N/A,3.65m,2.53m,0.81m,0.06m,0.24m,27th Aug 02
661,Battlefield 4,PS3,Electronic Arts,N/A,3.64m,1.31m,1.50m,0.27m,0.55m,29th Oct 13
662,Jak and Daxter: The Precursor Legacy,PS2,Sony Computer Entertainment,N/A,3.64m,2.08m,1.09m,0.15m,0.33m,04th Dec 01
663,Pokémon Snap,N64,Nintendo,3.63m,N/A,N/A,N/A,N/A,N/A,30th Jun 99
664,Pro Evolution Soccer 2008,PS2,Konami,N/A,3.63m,0.05m,0.00m,0.64m,2.93m,11th Mar 08
665,FIFA Soccer 10,PS3,EA Sports,N/A,3.63m,0.60m,2.46m,0.05m,0.52m,20th Oct 09
666,Guitar Hero: World Tour,Wii,Activision,N/A,3.62m,2.32m,0.96m,N/A,0.34m,26th Oct 08
667,Gears of War: Ultimate Edition,XOne,Microsoft Studios,N/A,3.62m,2.88m,0.37m,N/A,0.37m,25th Aug 15
668,Animal Crossing: New Horizons,NS,Nintendo,3.61m,N/A,N/A,N/A,N/A,N/A,20th Mar 20
669,Star Wars Battlefront,PS2,LucasArts,N/A,3.61m,1.93m,1.22m,0.03m,0.44m,20th Sep 04
670,Doom II,PC,GT Interactive,N/A,3.61m,2.05m,1.40m,N/A,0.16m,30th Sep 94
671,The Simpsons: Road Rage,PS2,Electronic Arts,N/A,3.61m,2.02m,1.17m,N/A,0.42m,24th Nov 01
672,BattleBlock Theater,PC,The Behemoth,3.61m,N/A,N/A,N/A,N/A,N/A,15th May 14
673,Assassin's Creed Syndicate,PS4,Ubisoft,N/A,3.60m,0.90m,2.06m,0.08m,0.55m,23rd Oct 15
674,Star Wars Battlefront II,PS2,LucasArts,N/A,3.59m,2.18m,1.02m,0.03m,0.37m,01st Nov 05
675,Assassin's Creed: Unity,XOne,Ubisoft,N/A,3.58m,2.34m,0.90m,0.00m,0.34m,11th Nov 14
676,Cooking Mama 2: Dinner With Friends,DS,Majesco,N/A,3.58m,1.60m,1.49m,0.10m,0.39m,13th Nov 07
677,Undertale,PC,Toby Fox,3.58m,N/A,N/A,N/A,N/A,N/A,15th Sep 15
678,WWF SmackDown!,PS,THQ,N/A,3.58m,2.01m,1.35m,0.06m,0.16m,01st Mar 00
679,Croc: Legend of the Gobbos,PS,Fox Interactive,N/A,3.56m,1.57m,1.79m,N/A,0.20m,29th Sep 97
680,Battlefield 4,X360,Electronic Arts,N/A,3.54m,2.16m,1.05m,0.02m,0.32m,29th Oct 13
681,Grand Theft Auto: Liberty City Stories,PS2,Rockstar Games,N/A,3.54m,1.56m,1.40m,0.07m,0.50m,06th Jun 06
682,The Getaway,PS2,Sony Computer Entertainment,N/A,3.54m,1.23m,1.77m,0.05m,0.49m,19th Jan 03
683,Tomb Raider III: Adventures of Lara Croft,PS,Eidos Interactive,N/A,3.54m,1.66m,1.58m,0.12m,0.18m,21st Nov 98
684,Batman: Arkham Asylum,X360,Eidos Interactive,N/A,3.54m,2.24m,0.95m,0.02m,0.33m,25th Aug 09
685,Assassin's Creed: Brotherhood,X360,Ubisoft,N/A,3.53m,2.87m,0.39m,0.03m,0.25m,16th Nov 10
686,James Bond 007: Agent Under Fire,PS2,Electronic Arts,N/A,3.53m,1.90m,1.13m,0.10m,0.41m,13th Nov 01
687,LEGO Star Wars: The Video Game,PS2,Eidos Interactive,N/A,3.53m,1.98m,1.14m,0.01m,0.41m,02nd Apr 05
688,Resident Evil 5,X360,Capcom,N/A,3.53m,2.13m,0.93m,0.12m,0.34m,13th Mar 09
689,Rugrats in Paris: The Movie,PS,THQ,N/A,3.52m,1.96m,1.33m,N/A,0.23m,29th Oct 00
690,NBA 2K17,PS4,2K Sports,N/A,3.52m,2.28m,0.59m,0.03m,0.63m,16th Sep 16
691,FIFA Soccer 11,X360,EA Sports,N/A,3.52m,0.71m,2.39m,0.02m,0.40m,28th Sep 10
692,Spyro 2: Ripto's Rage!,PS,Sony Computer Entertainment,N/A,3.52m,2.14m,1.21m,0.01m,0.17m,31st Oct 99
693,Left 4 Dead,X360,Valve Corporation,N/A,3.52m,2.66m,0.49m,0.05m,0.31m,18th Oct 08
694,Donkey Kong Country 3: Dixie Kong's Double Trouble!,SNES,Nintendo,3.51m,N/A,N/A,N/A,N/A,N/A,22nd Nov 96
695,Drawn to Life,Series,THQ,3.50m,N/A,N/A,N/A,N/A,N/A,10th Sep 07
696,Fable II,X360,Microsoft Game Studios,3.50m,N/A,N/A,N/A,N/A,N/A,21st Oct 08
697,Final Fantasy VII Remake,PS4,Square Enix,3.50m,N/A,N/A,N/A,N/A,N/A,10th Apr 20
698,Kung Fu,NES,Nintendo,3.50m,N/A,N/A,N/A,N/A,N/A,01st Oct 85
699,Legacy of Kain,Series,Crystal Dynamics,3.50m,N/A,N/A,N/A,N/A,N/A,01st Nov 96
700,Resident Evil 3: Nemesis,PS,Capcom,3.50m,N/A,N/A,N/A,N/A,N/A,11th Nov 99
701,World of Warcraft: The Burning Crusade,PC,Blizzard Entertainment,3.50m,N/A,N/A,N/A,N/A,N/A,16th Jan 07
702,FIFA Soccer 2004,PS2,EA Sports,N/A,3.49m,0.59m,2.36m,0.04m,0.51m,04th Nov 03
703,Pokémon Mystery Dungeon: Blue Rescue Team,DS,Nintendo,3.49m,N/A,N/A,N/A,N/A,N/A,18th Sep 06
704,Mortal Kombat X,PS4,Warner Bros. Interactive Entertainment,N/A,3.49m,1.94m,0.94m,N/A,0.61m,14th Apr 15
705,Battlefield: Bad Company 2,X360,Electronic Arts,N/A,3.48m,2.11m,1.01m,0.04m,0.33m,02nd Mar 10
706,Borderlands,X360,2K Games,N/A,3.48m,2.43m,0.72m,0.03m,0.30m,20th Oct 09
707,Mario & Sonic at the Olympic Winter Games,DS,Sega,N/A,3.47m,1.21m,1.63m,0.27m,0.37m,13th Oct 09
708,Dying Light,PC,Warner Bros. Interactive Entertainment,3.47m,N/A,N/A,N/A,N/A,N/A,06th Feb 16
709,Guitar Hero: On Tour,DS,Activision,N/A,3.46m,2.10m,1.01m,0.01m,0.35m,22nd Jun 08
710,Dragon Ball Z: Budokai,PS2,Atari,3.46m,N/A,N/A,N/A,N/A,N/A,03rd Dec 02
711,Halo: The Master Chief Collection,XOne,Microsoft Studios,N/A,3.44m,2.06m,1.04m,0.03m,0.31m,11th Nov 14
712,LEGO Batman: The Videogame,X360,Warner Bros. Interactive,N/A,3.44m,2.07m,1.04m,N/A,0.34m,23rd Sep 08
713,Tekken 4,PS2,Namco,N/A,3.44m,1.55m,1.27m,0.33m,0.29m,23rd Sep 02
714,FIFA 14,PS4,EA Sports,N/A,3.43m,0.62m,2.18m,0.12m,0.51m,15th Nov 13
715,Animal Crossing: Happy Home Designer,3DS,Nintendo,3.43m,N/A,N/A,N/A,N/A,N/A,25th Sep 15
716,LittleBigPlanet 2,PS3,Sony Computer Entertainment,N/A,3.43m,1.83m,1.07m,0.06m,0.47m,18th Jan 11
717,Grand Theft Auto 2,PS,Rockstar Games,N/A,3.42m,1.13m,2.07m,N/A,0.22m,25th Oct 99
718,Destiny,XOne,Activision,N/A,3.41m,2.17m,0.92m,N/A,0.32m,09th Sep 14
719,Spider-Man 2,PS2,Activision,N/A,3.41m,1.75m,1.20m,0.02m,0.43m,28th Jun 04
720,F-1 Race,GB,Nintendo,3.41m,N/A,N/A,N/A,N/A,N/A,01st Feb 91
721,Super Mario Maker,3DS,Nintendo,3.40m,N/A,N/A,N/A,N/A,N/A,02nd Dec 16
722,World of Warcraft: Battle for Azeroth,PC,Blizzard Entertainment,3.40m,N/A,N/A,N/A,N/A,N/A,14th Aug 18
723,FIFA Soccer 2003,PS2,EA Sports,N/A,3.40m,0.46m,2.28m,0.05m,0.61m,14th Nov 02
724,Crash Bash,PS,Sony Computer Entertainment,N/A,3.39m,1.56m,1.47m,0.19m,0.17m,06th Nov 00
725,Gears of War 4,XOne,Microsoft Studios,N/A,3.38m,2.17m,0.90m,N/A,0.32m,11th Oct 16
726,Mario Baseball,Series,Nintendo,3.37m,N/A,N/A,N/A,N/A,N/A,29th Aug 05
727,Tekken: Dark Resurrection,PSP,Namco Bandai,3.37m,N/A,N/A,N/A,N/A,N/A,25th Jul 06
728,The Elder Scrolls V: Skyrim Special Edition,PS4,Bethesda Softworks,N/A,3.36m,1.24m,1.50m,0.08m,0.54m,28th Oct 16
729,Watch Dogs 2,PS4,Ubisoft,N/A,3.36m,0.98m,1.74m,0.12m,0.52m,15th Nov 16
730,The Legend of Zelda: Majora's Mask,N64,Nintendo,3.36m,N/A,N/A,N/A,N/A,N/A,25th Oct 00
731,WWF War Zone,PS,Acclaim Entertainment,N/A,3.36m,2.47m,0.76m,N/A,0.13m,14th Jul 98
732,Yoshi's Island DS,DS,Nintendo,3.36m,N/A,N/A,N/A,N/A,N/A,13th Nov 06
733,Jurassic Park,Series,Ocean Software,3.35m,N/A,N/A,N/A,N/A,N/A,28th Dec 93
734,Assassin's Creed IV: Black Flag,X360,Ubisoft,N/A,3.34m,1.90m,1.14m,0.01m,0.30m,29th Oct 13
735,NBA 2K18,PS4,2K Sports,N/A,3.34m,2.13m,0.57m,0.04m,0.59m,19th Sep 17
736,Big Brain Academy: Wii Degree,Wii,Nintendo,3.34m,N/A,N/A,N/A,N/A,N/A,11th Jun 07
737,Rugrats: Search For Reptar,PS,THQ,N/A,3.34m,1.63m,1.53m,N/A,0.18m,31st Oct 98
738,Luigi's Mansion,GC,Nintendo,3.33m,N/A,N/A,N/A,N/A,N/A,17th Nov 01
739,James Bond 007: Nightfire,PS2,Electronic Arts,N/A,3.33m,1.45m,1.29m,0.12m,0.46m,18th Nov 02
740,Ratchet & Clank,PS2,Sony Computer Entertainment,N/A,3.33m,1.44m,1.01m,0.57m,0.30m,07th Nov 02
741,Star Wars Episode III: Revenge of the Sith,PS2,LucasArts,N/A,3.32m,1.47m,1.39m,0.03m,0.43m,04th May 05
742,Max Payne,PS2,Rockstar Games,N/A,3.31m,1.99m,1.05m,0.05m,0.22m,06th Dec 01
743,Madden NFL 16,PS4,EA Sports,N/A,3.30m,2.39m,0.31m,N/A,0.61m,25th Aug 15
744,Commandos,Series,Eidos Interactive,3.30m,N/A,N/A,N/A,N/A,N/A,28th Aug 98
745,World of Warcraft: Legion,PC,Blizzard Entertainment,3.30m,N/A,N/A,N/A,N/A,N/A,29th Aug 16
746,World of Warcraft: Warlords of Draenor,PC,Activision Blizzard,3.30m,N/A,N/A,N/A,N/A,N/A,13th Nov 14
747,Dark Souls III,PC,Namco Bandai Games,3.29m,N/A,N/A,N/A,N/A,N/A,11th Apr 16
748,Dark Souls: Prepare to Die Edition,PC,Namco Bandai Games,3.29m,N/A,N/A,N/A,N/A,N/A,24th Aug 12
749,The Lord of the Rings: The Return of the King,PS2,Electronic Arts,N/A,3.28m,1.50m,1.28m,0.05m,0.46m,05th Nov 03
750,Half-Life 2: Episode Two,PC,Valve Software,3.28m,N/A,N/A,N/A,N/A,N/A,10th Oct 07
751,Madden NFL 17,PS4,EA Sports,N/A,3.28m,2.30m,0.37m,N/A,0.60m,23rd Aug 16
752,True Crime: Streets of LA,PS2,Activision,N/A,3.27m,1.89m,1.05m,0.02m,0.31m,03rd Nov 03
753,Gran Turismo (PSP),PSP,Sony Computer Entertainment,N/A,3.27m,0.51m,1.59m,0.31m,0.86m,01st Oct 09
754,Far Cry 3,PS3,Ubisoft,N/A,3.27m,0.88m,1.79m,0.10m,0.50m,04th Dec 12
755,God of War: Chains of Olympus,PSP,Sony Computer Entertainment,3.26m,N/A,N/A,N/A,N/A,N/A,04th Mar 08
756,FIFA 16,XOne,EA Sports,N/A,3.25m,0.92m,2.10m,N/A,0.24m,22nd Sep 15
757,Tekken,PS,Namco,N/A,3.24m,0.95m,1.30m,0.77m,0.22m,08th Nov 95
758,Flash Focus: Vision Training in Minutes a Day,DS,Nintendo,3.23m,N/A,N/A,N/A,N/A,N/A,15th Oct 07
759,007: Tomorrow Never Dies,PS,Electronic Arts,N/A,3.21m,1.72m,1.33m,N/A,0.16m,16th Nov 99
760,L.A. Noire,PS3,Rockstar Games,N/A,3.21m,1.29m,1.31m,0.12m,0.49m,15th Nov 11
761,Baseball,NES,Nintendo,3.20m,N/A,N/A,N/A,N/A,N/A,01st Oct 85
762,Breath of Fire,Series,Capcom,3.20m,N/A,N/A,N/A,N/A,N/A,10th Aug 94
763,Detroit: Become Human,PS4,Sony Interactive Entertainment,3.20m,N/A,N/A,N/A,N/A,N/A,25th May 18
764,Dragon Quest IV,NES,Enix,3.20m,N/A,N/A,N/A,N/A,N/A,01st Oct 92
765,Dragon Quest VI: Maboroshi no Daichi,SNES,Enix,3.20m,N/A,N/A,N/A,N/A,N/A,09th Dec 95
766,Final Fight,Series,Capcom,3.20m,N/A,N/A,N/A,N/A,N/A,01st Dec 89
767,Killer Instinct,SNES,Nintendo,3.20m,N/A,N/A,N/A,N/A,N/A,01st Aug 95
768,WWF SmackDown! 2: Know Your Role,PS,THQ,N/A,3.20m,1.76m,1.21m,0.07m,0.16m,21st Nov 00
769,Middle-Earth: Shadow of Mordor,PS4,Warner Bros. Interactive Entertainment,N/A,3.19m,1.03m,1.60m,0.05m,0.51m,30th Sep 14
770,Assassin's Creed IV: Black Flag,PS4,Ubisoft,N/A,3.19m,1.07m,1.55m,0.06m,0.51m,15th Nov 13
771,Front Mission,Series,Square,3.18m,N/A,N/A,N/A,N/A,N/A,29th Feb 00
772,Personal Trainer: Cooking,DS,Nintendo,3.18m,N/A,N/A,N/A,N/A,N/A,24th Nov 08
773,Enter the Matrix,PS2,Atari,N/A,3.18m,1.78m,1.12m,0.09m,0.19m,14th May 03
774,Assassin's Creed Odyssey,PS4,Ubisoft,N/A,3.18m,1.18m,1.40m,0.09m,0.51m,05th Oct 18
775,Fallout: New Vegas,PS3,Bethesda Softworks,N/A,3.17m,1.54m,1.04m,0.10m,0.49m,19th Oct 10
776,Sonic Heroes,PS2,Sega,3.16m,N/A,N/A,N/A,N/A,N/A,27th Jan 04
777,Club Penguin: Elite Penguin Force,DS,Disney Interactive Studios,N/A,3.14m,1.87m,0.97m,N/A,0.30m,25th Nov 08
778,FIFA Soccer 08,PS2,EA Sports,N/A,3.14m,0.68m,0.00m,N/A,2.46m,09th Oct 07
779,FIFA 18,XOne,EA Sports,N/A,3.14m,0.98m,1.92m,N/A,0.23m,29th Sep 17
780,Spider-Man,PS,Activision,N/A,3.13m,1.70m,1.25m,0.02m,0.16m,30th Aug 00
781,Need for Speed III: Hot Pursuit,PS,Electronic Arts,N/A,3.12m,2.14m,0.86m,N/A,0.13m,25th Mar 98
782,The Elder Scrolls IV: Oblivion,PS3,Bethesda Softworks,N/A,3.12m,1.69m,0.86m,0.14m,0.44m,20th Mar 07
783,Star Wars Episode I Racer,N64,LucasArts,3.12m,N/A,N/A,N/A,N/A,N/A,19th May 99
784,Tekken 6,PS3,Namco Bandai,3.12m,N/A,N/A,N/A,N/A,N/A,27th Oct 09
785,Yoshi,GB,Nintendo,3.12m,N/A,N/A,N/A,N/A,N/A,01st Jul 92
786,Resident Evil 6,PS3,Capcom,N/A,3.12m,0.88m,0.97m,0.88m,0.39m,02nd Oct 12
787,Tom Clancy's Ghost Recon Wildlands,PS4,Ubisoft,N/A,3.12m,1.07m,1.35m,0.22m,0.47m,07th Mar 17
788,NBA 2K13,X360,2K Sports,N/A,3.11m,2.62m,0.21m,0.01m,0.28m,02nd Oct 12
789,Titanfall,XOne,Electronic Arts,N/A,3.11m,1.88m,0.91m,0.04m,0.28m,11th Mar 14
790,Mario Party 9,Wii,Nintendo,3.11m,N/A,N/A,N/A,N/A,N/A,11th Mar 12
791,Parasite Eve,Series,Square,3.10m,N/A,N/A,N/A,N/A,N/A,09th Sep 98
792,Mass Effect 2,X360,Electronic Arts,N/A,3.10m,1.99m,0.81m,0.03m,0.27m,26th Jan 10
793,The Legend of Zelda: Majora's Mask 3D,3DS,Nintendo,3.09m,N/A,N/A,N/A,N/A,N/A,13th Feb 15
794,Madden NFL 2002,PS2,EA Sports,N/A,3.08m,2.50m,0.16m,0.01m,0.42m,19th Aug 01
795,World Class Track Meet,NES,Bandai,3.08m,N/A,N/A,N/A,N/A,N/A,01st Sep 87
796,LEGO Batman: The Videogame,Wii,Warner Bros. Interactive,N/A,3.08m,1.80m,0.98m,N/A,0.29m,23rd Sep 08
797,Saints Row 2,X360,THQ,N/A,3.07m,1.98m,0.79m,0.02m,0.28m,14th Oct 08
798,Donkey Kong,GB,Nintendo,3.07m,N/A,N/A,N/A,N/A,N/A,01st Jun 94
799,The Sims: Vacation,PC,Electronic Arts,N/A,3.07m,1.72m,1.21m,N/A,0.14m,25th Mar 02
800,Call of Duty: Ghosts,XOne,Activision,N/A,3.07m,1.92m,0.86m,N/A,0.28m,22nd Nov 13
801,LEGO Batman: The Videogame,DS,Warner Bros. Interactive,N/A,3.06m,1.75m,1.02m,N/A,0.29m,23rd Sep 08
802,Borderlands 2,X360,2K Games,N/A,3.06m,1.89m,0.88m,0.04m,0.26m,15th Jan 13
803,New Super Luigi U,WiiU,Nintendo,3.05m,N/A,N/A,N/A,N/A,N/A,25th Aug 13
804,Kung Fu Panda,X360,Activision,N/A,3.05m,1.91m,0.84m,N/A,0.29m,03rd Jun 08
805,Mass Effect 3,X360,Electronic Arts,N/A,3.04m,1.94m,0.84m,0.03m,0.24m,06th Mar 12
806,Rhythm Heaven,DS,Nintendo,3.04m,N/A,N/A,N/A,N/A,N/A,05th Apr 09
807,Metal Gear Solid V: The Phantom Pain,PS4,Konami Digital Entertainment,N/A,3.04m,0.97m,1.15m,0.50m,0.42m,01st Sep 15
808,Rayman,PS,Ubisoft,N/A,3.03m,1.54m,1.33m,N/A,0.16m,01st Sep 95
809,Tom Clancy's Splinter Cell,XB,Ubisoft,N/A,3.02m,1.85m,1.04m,N/A,0.13m,17th Nov 02
810,Mike Tyson's Punch-Out!!,NES,Nintendo,3.02m,N/A,N/A,N/A,N/A,N/A,01st Oct 87
811,Professor Layton and the Unwound Future,DS,Nintendo,3.02m,N/A,N/A,N/A,N/A,N/A,12th Sep 10
812,WWE SmackDown! Shut Your Mouth,PS2,THQ,N/A,3.02m,1.45m,1.13m,0.07m,0.38m,31st Oct 02
813,Disney Epic Mickey,Wii,Disney Interactive Studios,N/A,3.02m,2.04m,0.63m,0.12m,0.23m,30th Nov 10
814,Killzone 2,PS3,Sony Computer Entertainment,N/A,3.02m,1.40m,1.07m,0.08m,0.46m,27th Feb 09
815,1-2-Switch,NS,Nintendo,3.01m,N/A,N/A,N/A,N/A,N/A,03rd Mar 17
816,Crysis,PC,Electronic Arts,3.00m,N/A,N/A,N/A,N/A,N/A,13th Nov 07
817,DayZ,PC,Bohemia Interactive,3.00m,N/A,N/A,N/A,N/A,N/A,09th Jul 12
818,Fable,XB,Microsoft Game Studios,3.00m,N/A,N/A,N/A,N/A,N/A,14th Sep 04
819,Gears of War 3,X360,Microsoft Studios,3.00m,N/A,N/A,N/A,N/A,N/A,20th Sep 11
820,Gungeon,Series,Devolver Digital,3.00m,N/A,N/A,N/A,N/A,N/A,05th Apr 16
821,Heavy Rain,PS3,Sony Computer Entertainment,3.00m,N/A,N/A,N/A,N/A,N/A,23rd Feb 10
822,Kinect Sports,X360,Microsoft Game Studios,3.00m,N/A,N/A,N/A,N/A,N/A,04th Nov 10
823,MotorStorm,PS3,Sony Computer Entertainment,3.00m,N/A,N/A,N/A,N/A,N/A,06th Mar 07
824,Nioh,Series,Koei Tecmo,3.00m,N/A,N/A,N/A,N/A,N/A,07th Feb 17
825,Rally Championship,Series,Unknown,3.00m,N/A,N/A,N/A,N/A,N/A,N/A
826,Sonic and the Secret Rings,Wii,Sega,3.00m,N/A,N/A,N/A,N/A,N/A,20th Feb 07
827,Sonic Rush,DS,Sega,3.00m,N/A,N/A,N/A,N/A,N/A,15th Nov 05
828,Space Engineers,PC,Keen Software House,3.00m,N/A,N/A,N/A,N/A,N/A,28th Feb 19
829,Torchlight II,PC,Runic Games,3.00m,N/A,N/A,N/A,N/A,N/A,20th Sep 12
830,Warcraft II: Tides of Darkness,PC,Blizzard Entertainment,3.00m,N/A,N/A,N/A,N/A,N/A,30th Apr 96
831,Warhammer: Vermintide,Series,Fatshark,3.00m,N/A,N/A,N/A,N/A,N/A,23rd Oct 15
832,Your Shape,Series,Ubisoft,3.00m,N/A,N/A,N/A,N/A,N/A,24th Nov 09
833,WWE SmackDown! vs. Raw 2006,PS2,THQ,N/A,3.00m,1.57m,1.02m,N/A,0.41m,15th Nov 05
834,Kirby Super Star Ultra,DS,Nintendo,2.99m,N/A,N/A,N/A,N/A,N/A,22nd Sep 08
835,Star Fox,SNES,Nintendo,2.99m,N/A,N/A,N/A,N/A,N/A,01st Mar 93
836,The Sims: Livin Large,PC,Electronic Arts,N/A,2.99m,1.67m,1.18m,N/A,0.13m,27th Aug 00
837,World Soccer Winning Eleven 6 International,PS2,Konami,N/A,2.99m,0.12m,1.26m,1.16m,0.45m,11th Mar 03
838,Far Cry 3,X360,Ubisoft,N/A,2.98m,1.38m,1.33m,0.02m,0.25m,04th Dec 12
839,Mario vs. Donkey Kong: Mini-Land Mayhem!,DS,Nintendo,2.98m,N/A,N/A,N/A,N/A,N/A,14th Nov 10
840,Style Savvy,DS,Nintendo,2.98m,N/A,N/A,N/A,N/A,N/A,02nd Nov 09
841,Super Meat Boy,PC,Unknown,2.97m,N/A,N/A,N/A,N/A,N/A,30th Nov 10
842,Yokai Watch,3DS,Nintendo,2.97m,N/A,N/A,N/A,N/A,N/A,06th Nov 15
843,The Legend of Zelda: Spirit Tracks,DS,Nintendo,2.96m,N/A,N/A,N/A,N/A,N/A,07th Dec 09
844,Battlefield: Bad Company 2,PS3,Electronic Arts,N/A,2.96m,1.33m,1.11m,0.08m,0.44m,02nd Mar 10
845,Hitman 2: Silent Assassin,PS2,Eidos Interactive,N/A,2.96m,1.36m,1.15m,0.04m,0.41m,01st Oct 02
846,Yokai Watch 2: Psychic Specters,3DS,Nintendo,N/A,2.95m,0.12m,0.12m,2.69m,0.02m,29th Sep 17
847,Street Fighter IV,X360,Capcom,N/A,2.95m,1.83m,0.70m,0.15m,0.26m,17th Feb 09
848,SOCOM II: U.S. Navy SEALs,PS2,Sony Computer Entertainment,N/A,2.94m,2.22m,0.51m,0.06m,0.15m,04th Nov 03
849,WWE SmackDown! vs. RAW 2006,PS2,THQ,N/A,2.94m,1.45m,1.11m,0.04m,0.33m,14th Nov 05
850,Fire Emblem Fates,3DS,Nintendo,2.94m,N/A,N/A,N/A,N/A,N/A,19th Feb 16
851,Wave Race 64,N64,Nintendo,2.94m,N/A,N/A,N/A,N/A,N/A,05th Nov 96
852,Pac-Man Collection,GBA,Namco,N/A,2.94m,2.07m,0.77m,0.05m,0.05m,12th Jul 01
853,Pokémon Ranger,DS,Nintendo,2.93m,N/A,N/A,N/A,N/A,N/A,30th Oct 06
854,Madden NFL 13,X360,EA Sports,N/A,2.93m,2.53m,0.16m,N/A,0.24m,28th Aug 12
855,Doom (2016),PS4,Bethesda Softworks,N/A,2.92m,0.93m,1.48m,0.04m,0.46m,13th May 16
856,Mass Effect,X360,Microsoft Game Studios,N/A,2.91m,1.83m,0.79m,0.03m,0.27m,20th Nov 07
857,FIFA 15,X360,EA Sports,N/A,2.91m,0.80m,1.90m,N/A,0.21m,23rd Sep 14
858,Counter-Strike: Condition Zero,PC,Sierra Entertainment,2.90m,N/A,N/A,N/A,N/A,N/A,23rd Mar 04
859,Dragon Ball Z: Budokai 2,PS2,Atari,2.90m,N/A,N/A,N/A,N/A,N/A,04th Dec 03
860,Final Fantasy III,SNES,Square,2.90m,N/A,N/A,N/A,N/A,N/A,20th Oct 94
861,Mortal Kombat (2011),PS3,Warner Bros. Interactive Entertainment,N/A,2.90m,1.98m,0.54m,N/A,0.38m,19th Apr 11
862,World Soccer Winning Eleven 7 International,PS2,Konami,N/A,2.90m,0.08m,1.24m,1.13m,0.45m,17th Feb 04
863,Sega Superstars Tennis,X360,Sega,N/A,2.89m,1.75m,0.86m,N/A,0.28m,18th Mar 08
864,Cooking Mama: Cook Off,Wii,Majesco,N/A,2.89m,1.41m,1.12m,0.05m,0.30m,20th Mar 07
865,Hot Shots Golf 3,PS2,Sony Computer Entertainment,N/A,2.89m,0.99m,0.32m,1.38m,0.20m,11th Mar 02
866,Call of Duty: Finest Hour,PS2,Activision,N/A,2.89m,1.51m,1.12m,0.01m,0.24m,16th Nov 04
867,Syphon Filter,PS,989 Studios,N/A,2.88m,2.03m,0.72m,0.02m,0.11m,31st Jan 99
868,Imagine: Babyz,DS,Ubisoft,N/A,2.87m,1.30m,1.26m,N/A,0.31m,23rd Oct 07
869,Mafia III,PS4,2K Games,N/A,2.87m,0.72m,1.67m,0.04m,0.44m,07th Oct 16
870,Subnautica,PC,Unknown Worlds Entertainment,2.87m,N/A,N/A,N/A,N/A,N/A,23rd Jan 18
871,Colin McRae Rally,PS,Sony Computer Entertainment,N/A,2.87m,0.09m,2.43m,0.12m,0.22m,31st Jan 00
872,Wii Music,Wii,Nintendo,2.86m,N/A,N/A,N/A,N/A,N/A,20th Oct 08
873,The Elder Scrolls III: Morrowind,XB,Bethesda Softworks,N/A,2.86m,2.09m,0.63m,0.03m,0.11m,06th Jun 02
874,Prison Architect,PC,Introversion Software,2.86m,N/A,N/A,N/A,N/A,N/A,06th Oct 15
875,Assassin's Creed: Brotherhood,PS3,Ubisoft,N/A,2.85m,1.87m,0.57m,0.11m,0.30m,16th Nov 10
876,Command & Conquer: Red Alert,PC,Virgin Interactive,N/A,2.85m,1.37m,1.34m,N/A,0.14m,01st Nov 96
877,F-Zero,SNES,Nintendo,2.85m,N/A,N/A,N/A,N/A,N/A,13th Aug 91
878,Yoshi's Story,N64,Nintendo,2.85m,N/A,N/A,N/A,N/A,N/A,01st Mar 98
879,The Walking Dead: A Telltale Games Series,PC,Telltale Games,2.85m,N/A,N/A,N/A,N/A,N/A,11th Dec 12
880,Metroid Prime,GC,Nintendo,2.84m,N/A,N/A,N/A,N/A,N/A,17th Nov 02
881,Zumba Fitness 2,Wii,Majesco,N/A,2.83m,1.52m,1.05m,N/A,0.26m,15th Nov 11
882,Madden NFL 10,X360,EA Sports,N/A,2.83m,2.52m,0.09m,N/A,0.22m,14th Aug 09
883,BioShock,X360,2K Games,N/A,2.83m,1.65m,0.85m,0.05m,0.28m,21st Aug 07
884,Mario Party: Island Tour,3DS,Nintendo,2.83m,N/A,N/A,N/A,N/A,N/A,22nd Nov 13
885,Yoshi's Island: Super Mario Advance 3,GBA,Nintendo,2.83m,N/A,N/A,N/A,N/A,N/A,24th Sep 02
886,WWE SmackDown! vs. Raw,PS2,THQ,N/A,2.83m,1.32m,1.08m,0.04m,0.39m,02nd Nov 04
887,Finding Nemo,GBA,THQ,N/A,2.82m,1.59m,1.05m,0.04m,0.14m,10th May 03
888,Medal of Honor,PS3,Electronic Arts,N/A,2.82m,1.28m,1.04m,0.07m,0.43m,12th Oct 10
889,Diablo III: Ultimate Evil Edition,PS4,Blizzard Entertainment,N/A,2.82m,0.83m,1.48m,0.08m,0.44m,19th Aug 14
890,The Legend of Zelda: A Link to the Past,GBA,Nintendo,2.82m,N/A,N/A,N/A,N/A,N/A,03rd Dec 02
891,Gran Turismo (PSP),PSN,Sony Computer Entertainment,N/A,2.82m,0.43m,0.91m,0.31m,1.16m,01st Oct 09
892,Thief,Series,Eidos Interactive,2.81m,N/A,N/A,N/A,N/A,N/A,01st Dec 98
893,Need for Speed: Hot Pursuit,PS3,Electronic Arts,N/A,2.81m,1.05m,1.24m,0.03m,0.49m,16th Nov 10
894,Imagine: Fashion Designer,DS,Ubisoft,N/A,2.81m,1.32m,1.19m,N/A,0.30m,23rd Oct 07
895,Killzone 3,PS3,Sony Computer Entertainment,N/A,2.81m,1.46m,0.87m,0.09m,0.38m,22nd Feb 11
896,Hitman: Absolution,PC,Square Enix,2.81m,N/A,N/A,N/A,N/A,N/A,20th Nov 12
897,WWE SmackDown! Here Comes the Pain,PS2,THQ,N/A,2.80m,1.32m,1.06m,0.04m,0.38m,27th Oct 03
898,Dragon Quest V: Tenkuu no Hanayome,SNES,Enix,2.80m,N/A,N/A,N/A,N/A,N/A,27th Sep 92
899,Hollow Knight,Series,Team Cherry,2.80m,N/A,N/A,N/A,N/A,N/A,24th Feb 17
900,Infestation: Survivor Stories,PC,Unknown,2.80m,N/A,N/A,N/A,N/A,N/A,N/A
901,Ni no Kuni,Series,Namco Bandai Games,2.80m,N/A,N/A,N/A,N/A,N/A,22nd Jan 13
902,Okami,Series,Capcom,2.80m,N/A,N/A,N/A,N/A,N/A,19th Sep 06
903,Tekken 5,PS2,Namco,2.80m,N/A,N/A,N/A,N/A,N/A,24th Feb 05
904,Hot Shots Golf,PS,Sony Computer Entertainment,N/A,2.79m,0.29m,0.20m,2.13m,0.18m,05th May 98
905,Trine 2,PC,Frozenbyte,2.79m,N/A,N/A,N/A,N/A,N/A,07th Dec 11
906,Skylanders: Spyro's Adventure,Wii,Activision,N/A,2.79m,1.35m,1.15m,N/A,0.30m,16th Oct 11
907,A Bug's Life,PS,Sony Computer Entertainment,N/A,2.79m,1.96m,0.72m,N/A,0.11m,31st Oct 98
908,WWF SmackDown! Just Bring It,PS2,THQ,N/A,2.79m,1.19m,1.15m,0.04m,0.41m,18th Nov 01
909,Mortal Kombat Trilogy,PS,Midway Games,N/A,2.79m,1.98m,0.70m,N/A,0.11m,01st Sep 96
910,NBA Street,PS2,EA Sports BIG,N/A,2.79m,2.19m,0.22m,N/A,0.38m,18th Jun 01
911,Jak II,PS2,Sony Computer Entertainment,N/A,2.78m,1.68m,0.74m,N/A,0.36m,14th Oct 03
912,Ratchet & Clank: Going Commando,PS2,Sony Computer Entertainment,N/A,2.78m,1.44m,0.83m,0.26m,0.25m,11th Nov 03
913,The Sims,PS2,Electronic Arts,N/A,2.77m,1.41m,1.12m,N/A,0.24m,12th Jan 03
914,Star Wars: The Force Unleashed,X360,LucasArts,N/A,2.77m,1.74m,0.78m,N/A,0.26m,16th Sep 08
915,Saints Row: The Third,X360,THQ,N/A,2.77m,1.26m,1.14m,0.07m,0.30m,15th Nov 11
916,Donkey Kong Country Returns 3D,3DS,Nintendo,2.76m,N/A,N/A,N/A,N/A,N/A,24th May 13
917,Missile Command,2600,Atari,N/A,2.76m,2.56m,0.17m,N/A,0.03m,01st Jan 81
918,Battlefield 3,PC,Electronic Arts,N/A,2.76m,0.89m,1.44m,N/A,0.43m,25th Oct 11
919,The Binding of Isaac: Rebirth,PC,Nicalis,2.76m,N/A,N/A,N/A,N/A,N/A,04th Nov 14
920,Mario Tennis Aces,NS,Nintendo,2.75m,N/A,N/A,N/A,N/A,N/A,22nd Jun 18
921,Resident Evil,PS,Capcom,2.75m,N/A,N/A,N/A,N/A,N/A,30th Mar 96
922,Need for Speed: Most Wanted (2012),PS3,Electronic Arts,N/A,2.74m,0.71m,1.52m,0.06m,0.45m,30th Oct 12
923,Tetris DS,DS,Nintendo,2.74m,N/A,N/A,N/A,N/A,N/A,20th Mar 06
924,L.A. Noire,X360,Rockstar Games,N/A,2.73m,1.55m,0.92m,0.02m,0.24m,15th Nov 11
925,Metroid,NES,Nintendo,2.73m,N/A,N/A,N/A,N/A,N/A,15th Aug 87
926,Far Cry: Primal,PS4,Ubisoft,N/A,2.73m,0.63m,1.61m,0.07m,0.41m,23rd Feb 16
927,"Pokémon: Let's Go, Eevee!",NS,Nintendo,N/A,2.73m,1.22m,0.80m,0.51m,0.20m,16th Nov 18
928,Overwatch,XOne,Blizzard Entertainment,N/A,2.72m,1.63m,0.84m,N/A,0.25m,24th May 16
929,Need for Speed (2015),PS4,Electronic Arts,N/A,2.72m,0.59m,1.66m,0.06m,0.41m,03rd Nov 15
930,Madden NFL 13,PS3,EA Sports,N/A,2.71m,2.12m,0.24m,N/A,0.36m,28th Aug 12
931,Skate 3,X360,EA Sports,N/A,2.71m,1.47m,0.99m,N/A,0.25m,11th May 10
932,Tom Clancy's Rainbow Six: Siege,XOne,Ubisoft,N/A,2.71m,1.62m,0.84m,N/A,0.25m,01st Dec 15
933,Divinity: Original Sin,PC,Focus Home Interactive,2.71m,N/A,N/A,N/A,N/A,N/A,27th Oct 15
934,Madden NFL 12,X360,EA Sports,N/A,2.70m,2.43m,0.11m,N/A,0.16m,30th Aug 11
935,1602 A.D.,PC,Sunflowers,2.70m,N/A,N/A,N/A,N/A,N/A,01st Feb 00
936,Dead Rising 3,XOne,Microsoft Studios,2.70m,N/A,N/A,N/A,N/A,N/A,22nd Nov 13
937,Mario Party,N64,Nintendo,2.70m,N/A,N/A,N/A,N/A,N/A,08th Feb 99
938,World of Warcraft: Mists of Pandaria,PC,Blizzard Entertainment,2.70m,N/A,N/A,N/A,N/A,N/A,25th Sep 12
939,Call of Duty 3,X360,Activision,N/A,2.70m,1.49m,0.92m,0.02m,0.27m,07th Nov 06
940,LEGO Star Wars II: The Original Trilogy,PS2,LucasArts,N/A,2.69m,1.85m,0.64m,0.01m,0.19m,12th Sep 06
941,Madden NFL 11,X360,EA Sports,N/A,2.69m,2.38m,0.12m,N/A,0.19m,10th Aug 10
942,Burnout 3: Takedown,PS2,Electronic Arts,N/A,2.68m,1.23m,1.11m,N/A,0.34m,07th Sep 04
943,Mortal Kombat,GEN,Arena Entertainment,N/A,2.67m,1.95m,0.63m,N/A,0.09m,13th Sep 93
944,Halo Wars,X360,Microsoft Game Studios,N/A,2.67m,1.58m,0.80m,0.04m,0.25m,03rd Mar 09
945,Call of Duty 2: Big Red One,PS2,Activision,N/A,2.67m,1.48m,0.92m,0.01m,0.26m,01st Nov 05
946,Medal of Honor,PS,Electronic Arts,N/A,2.67m,1.44m,1.09m,N/A,0.14m,11th Nov 99
947,Guitar Hero: World Tour,X360,Activision,N/A,2.66m,1.78m,0.64m,N/A,0.25m,26th Oct 08
948,WWE SmackDown! Shut Your Mouth,PS2,THQ,N/A,2.66m,1.32m,1.29m,0.04m,N/A,31st Oct 02
949,Final Fantasy XIII-2,PS3,Square Enix,N/A,2.66m,0.78m,0.75m,0.89m,0.23m,31st Jan 12
950,Medal of Honor Heroes,PSP,Electronic Arts,N/A,2.66m,0.86m,1.11m,0.01m,0.67m,20th Oct 06
951,Hannah Montana,DS,Buena Vista,N/A,2.65m,1.59m,0.80m,N/A,0.26m,10th Oct 06
952,Need for Speed: Shift,PS3,Electronic Arts,N/A,2.65m,0.69m,1.40m,0.04m,0.52m,15th Sep 09
953,Tom Clancy's Splinter Cell,PS2,Ubisoft,N/A,2.65m,1.15m,1.11m,N/A,0.40m,08th Apr 03
954,Star Wars: Shadows of the Empire,N64,Nintendo,2.65m,N/A,N/A,N/A,N/A,N/A,03rd Dec 96
955,Super Mario Bros. 2 (FDS),NES,Nintendo,2.65m,N/A,N/A,N/A,N/A,N/A,03rd Jun 86
956,Ace Combat 04: Shattered Skies,PS2,Namco,2.64m,N/A,N/A,N/A,N/A,N/A,01st Nov 01
957,Medal of Honor,X360,Electronic Arts,N/A,2.64m,1.58m,0.80m,0.04m,0.22m,12th Oct 10
958,NBA 2K12,X360,2K Sports,N/A,2.64m,2.32m,0.14m,0.01m,0.17m,04th Oct 11
959,Midnight Club: Street Racing,PS2,Rockstar Games,N/A,2.63m,2.00m,0.47m,0.02m,0.14m,25th Oct 00
960,NBA 2K13,PS3,2K Sports,N/A,2.63m,1.74m,0.46m,0.05m,0.39m,02nd Oct 12
961,Mario & Luigi: Dream Team,3DS,Nintendo,2.63m,N/A,N/A,N/A,N/A,N/A,11th Aug 13
962,NBA 2K19,PS4,2K Sports,N/A,2.63m,1.69m,0.44m,0.03m,0.47m,11th Sep 18
963,ESPN NFL 2K5,PS2,Sega,N/A,2.62m,2.15m,0.12m,N/A,0.36m,20th Jul 04
964,Madden NFL 18,PS4,EA Sports,N/A,2.62m,1.73m,0.42m,N/A,0.47m,25th Aug 17
965,FIFA Soccer 10,X360,EA Sports,N/A,2.62m,0.60m,1.79m,0.01m,0.23m,20th Oct 09
966,LittleBigPlanet,PSP,Sony Computer Entertainment,N/A,2.61m,0.65m,1.27m,0.01m,0.68m,17th Nov 09
967,Harry Potter and the Chamber of Secrets,PS2,Electronic Arts,N/A,2.61m,0.90m,1.22m,0.04m,0.44m,14th Nov 02
968,Mario Strikers Charged,Wii,Nintendo,2.60m,N/A,N/A,N/A,N/A,N/A,30th Jul 07
969,Monster Hunter 3G,3DS,Capcom,2.60m,N/A,N/A,N/A,N/A,N/A,19th Mar 13
970,Streets of Rage,GEN,Sega,N/A,2.60m,1.86m,0.55m,0.11m,0.08m,31st Dec 90
971,Grand Theft Auto: Episodes from Liberty City,X360,Rockstar Games,N/A,2.60m,1.08m,1.22m,0.03m,0.27m,29th Oct 09
972,LEGO Star Wars: The Complete Saga,X360,LucasArts,N/A,2.59m,1.53m,0.83m,N/A,0.24m,06th Nov 07
973,Mario + Rabbids: Kingdom Battle,NS,Ubisoft,N/A,2.59m,1.10m,1.08m,0.22m,0.20m,29th Aug 17
974,Tom Clancy's The Division,XOne,Ubisoft,N/A,2.59m,1.54m,0.82m,N/A,0.24m,08th Mar 16
975,FIFA Soccer 09,PS3,Electronic Arts,N/A,2.59m,0.49m,1.63m,0.04m,0.43m,14th Oct 08
976,NBA Live 2005,PS2,EA Sports,N/A,2.59m,2.03m,0.21m,N/A,0.35m,28th Sep 04
977,Hotline Miami,PC,Devolver Digital,2.58m,N/A,N/A,N/A,N/A,N/A,23rd Oct 12
978,Fire Emblem: Three Houses,NS,Nintendo,2.58m,N/A,N/A,N/A,N/A,N/A,26th Jul 19
979,Bastion,PC,Warner Bros. Interactive Entertainment,2.58m,N/A,N/A,N/A,N/A,N/A,16th Aug 11
980,WWE SmackDown vs. RAW 2007,PS2,THQ,N/A,2.58m,1.40m,0.88m,0.03m,0.26m,14th Nov 06
981,Skylanders Giants,Wii,Activision,N/A,2.58m,1.49m,0.86m,N/A,0.23m,21st Oct 12
982,Ratchet & Clank: Up Your Arsenal,PS2,Sony Computer Entertainment,N/A,2.57m,1.31m,0.74m,0.31m,0.22m,03rd Nov 04
983,Madden NFL 08,PS2,EA Sports,N/A,2.57m,2.14m,0.08m,N/A,0.35m,14th Aug 07
984,Clubhouse Games,DS,Nintendo,2.57m,N/A,N/A,N/A,N/A,N/A,09th Oct 06
985,NBA 2K14,X360,2K Sports,N/A,2.57m,2.11m,0.19m,0.00m,0.27m,11th Oct 13
986,Ratchet & Clank Future: Tools of Destruction,PS3,Sony Computer Entertainment,N/A,2.57m,0.93m,1.10m,0.08m,0.45m,23rd Oct 07
987,Hot Shots Golf,PS,Sony Computer Entertainment,N/A,2.56m,0.26m,0.17m,2.13m,N/A,05th May 98
988,Dragon Age: Origins,X360,Electronic Arts,N/A,2.56m,1.76m,0.55m,0.03m,0.22m,03rd Nov 09
989,Kirby Star Allies,NS,Nintendo,2.56m,N/A,N/A,N/A,N/A,N/A,16th Mar 18
990,Kirby: Triple Deluxe,3DS,Nintendo,2.56m,N/A,N/A,N/A,N/A,N/A,02nd May 14